basepk,hid,speechdate,pid,opid,speakeroldname,speakerposition,maintopic,subtopic,subsubtopic,speechtext,speakerparty,speakerriding,speakername,speakerurl
2533512,ca.proc.d.1968-02-21.1,1968-02-21,,,,topic,BUSINESS OF THE HOUSE,,,,,,,
2533513,ca.proc.d.1968-02-21.1.1,1968-02-21,29120c21-7fca-48fe-bd93-53ba86e83429,ca.m.5071,Hon. Allan J. MacEachen (Minister of National Health and Welfare):,Minister of National Health and Welfare; Minister of Amateur Sport; Leader of the Government in the House of Commons; Liberal Party House Leader,BUSINESS OF THE HOUSE,,,"I move:
That this house do now adjourn.

",Liberal,,Allan Joseph MacEachen,http://www.parl.gc.ca/parlinfo/Files/Parliamentarian.aspx?Item=29120c21-7fca-48fe-bd93-53ba86e83429&Language=E&Section=ALL
2533514,ca.proc.d.1968-02-21.1.2,1968-02-21,0fc16474-225b-4f98-b627-1265ff7a4004,ca.m.8458,Mr. Stanfield:,Leader of the Official Opposition,BUSINESS OF THE HOUSE,,,"Mr. Speaker-

",Progressive Conservative,,Robert Lorne Stanfield,http://www.parl.gc.ca/parlinfo/Files/Parliamentarian.aspx?Item=0fc16474-225b-4f98-b627-1265ff7a4004&Language=E&Section=ALL
2533515,ca.proc.d.1968-02-21.1.3,1968-02-21,intervention,,,,BUSINESS OF THE HOUSE,,,"Order.

",,,Some hon. Members:,
2533516,ca.proc.d.1968-02-21.1.4,1968-02-21,3e0d75d7-a08d-413b-9413-e6054d79e797,ca.m.4170,Mr. Speaker:,Speaker of the House of Commons,BUSINESS OF THE HOUSE,,,"Is it the pleasure of the house to adopt the motion?

",Liberal,,Lucien Lamoureux,http://www.parl.gc.ca/parlinfo/Files/Parliamentarian.aspx?Item=3e0d75d7-a08d-413b-9413-e6054d79e797&Language=E&Section=ALL
2533517,ca.proc.d.1968-02-21.1.5,1968-02-21,0fc16474-225b-4f98-b627-1265ff7a4004,ca.m.8458,Mr. Stanfield:,Leader of the Official Opposition,BUSINESS OF THE HOUSE,,,"I think in the circumstances I might be permitted to say something.

",Progressive Conservative,,Robert Lorne Stanfield,http://www.parl.gc.ca/parlinfo/Files/Parliamentarian.aspx?Item=0fc16474-225b-4f98-b627-1265ff7a4004&Language=E&Section=ALL
2533518,ca.proc.d.1968-02-21.1.6,1968-02-21,intervention,,,,BUSINESS OF THE HOUSE,,,"No.

",,,Some hon. Members:,
2533519,ca.proc.d.1968-02-21.1.7,1968-02-21,3e0d75d7-a08d-413b-9413-e6054d79e797,ca.m.4170,Mr. Speaker:,Speaker of the House of Commons,BUSINESS OF THE HOUSE,,,"Order, please. I am sure hon. members wish to proceed in an orderly fashion. I have to bring to the attention of the Leader of the Opposition that the motion is not debatable, though by consent he might be allowed-

",Liberal,,Lucien Lamoureux,http://www.parl.gc.ca/parlinfo/Files/Parliamentarian.aspx?Item=3e0d75d7-a08d-413b-9413-e6054d79e797&Language=E&Section=ALL
2533520,ca.proc.d.1968-02-21.1.8,1968-02-21,intervention,,,,BUSINESS OF THE HOUSE,,,"No.

",,,Some hon. Members:,
2533521,ca.proc.d.1968-02-21.1.9,1968-02-21,7d606ebb-cb8d-4415-8691-214a9e01ec5c,ca.m.9222,Mr. Ricard:,Progressive Conservative Party Caucus Vice-Chair,BUSINESS OF THE HOUSE,,,"It is a rotten Grit trick.
Motion agreed to and the house adjourned at 2.37 p.m.

Wednesday, February 21, 1968

",Progressive Conservative,,J.-H.-Théogène Ricard,http://www.parl.gc.ca/parlinfo/Files/Parliamentarian.aspx?Item=7d606ebb-cb8d-4415-8691-214a9e01ec5c&Language=E&Section=ALL
2533522,ca.proc.d.1968-02-21.2,1968-02-21,,,,topic,PROPOSED MOTION RESPECTING HOUSE VOTE ON BILL C-193,,,,,,,
2533523,ca.proc.d.1968-02-21.2.1,1968-02-21,51c861ef-0f17-4a79-8d9b-0854fb3ef33f,ca.m.6889,Right Hon. L. B. Pearson (Prime Minister):,Prime Minister,PROPOSED MOTION RESPECTING HOUSE VOTE ON BILL C-193,,,"Mr. Speaker, a motion has been submitted for the order paper in the following terms. I move, seconded by Mr. Martin (Essex East):
That this house does not regard its vote on February 19th in connection with third reading of Bill C-193-

",Liberal,,Lester Bowles Pearson,http://www.parl.gc.ca/parlinfo/Files/Parliamentarian.aspx?Item=51c861ef-0f17-4a79-8d9b-0854fb3ef33f&Language=E&Section=ALL
2533524,ca.proc.d.1968-02-21.2.2,1968-02-21,intervention,,,,PROPOSED MOTION RESPECTING HOUSE VOTE ON BILL C-193,,,"Oh, oh.

",,,Some hon. Members:,
2533525,ca.proc.d.1968-02-21.2.3,1968-02-21,f6513c37-51de-4336-8b57-b883c2d3944d,ca.m.1290,Mr. Starr:,Official Opposition House Leader; Progressive Conservative Party House Leader,PROPOSED MOTION RESPECTING HOUSE VOTE ON BILL C-193,,,"What does this government regard?

",Progressive Conservative,,Michael Starr,http://www.parl.gc.ca/parlinfo/Files/Parliamentarian.aspx?Item=f6513c37-51de-4336-8b57-b883c2d3944d&Language=E&Section=ALL
2533526,ca.proc.d.1968-02-21.2.4,1968-02-21,51c861ef-0f17-4a79-8d9b-0854fb3ef33f,ca.m.6889,Mr. Pearson:,Prime Minister,PROPOSED MOTION RESPECTING HOUSE VOTE ON BILL C-193,,,"My hon. friends seem a little excited.

",Liberal,,Lester Bowles Pearson,http://www.parl.gc.ca/parlinfo/Files/Parliamentarian.aspx?Item=51c861ef-0f17-4a79-8d9b-0854fb3ef33f&Language=E&Section=ALL
2533527,ca.proc.d.1968-02-21.2.5,1968-02-21,f6513c37-51de-4336-8b57-b883c2d3944d,ca.m.1290,Mr. Starr:,Official Opposition House Leader; Progressive Conservative Party House Leader,PROPOSED MOTION RESPECTING HOUSE VOTE ON BILL C-193,,,"You are more excited than we are.

",Progressive Conservative,,Michael Starr,http://www.parl.gc.ca/parlinfo/Files/Parliamentarian.aspx?Item=f6513c37-51de-4336-8b57-b883c2d3944d&Language=E&Section=ALL
2533528,ca.proc.d.1968-02-21.2.6,1968-02-21,3e0d75d7-a08d-413b-9413-e6054d79e797,ca.m.4170,Mr. Speaker:,Speaker of the House of Commons,PROPOSED MOTION RESPECTING HOUSE VOTE ON BILL C-193,,,"Order, please.

",Liberal,,Lucien Lamoureux,http://www.parl.gc.ca/parlinfo/Files/Parliamentarian.aspx?Item=3e0d75d7-a08d-413b-9413-e6054d79e797&Language=E&Section=ALL
2533529,ca.proc.d.1968-02-21.2.7,1968-02-21,51c861ef-0f17-4a79-8d9b-0854fb3ef33f,ca.m.6889,Mr. Pearson:,Prime Minister,PROPOSED MOTION RESPECTING HOUSE VOTE ON BILL C-193,,,"Perhaps, Mr. Speaker, I might be allowed to read this motion which has been submitted to the order paper. It continues:
-in connection with third reading of Bill C-193 which had carried in all previous stages, as a vote of non-confidence in the government.
Without going into the substance of this motion at this time, and in a purely procedural way I ask for unanimous consent-

",Liberal,,Lester Bowles Pearson,http://www.parl.gc.ca/parlinfo/Files/Parliamentarian.aspx?Item=51c861ef-0f17-4a79-8d9b-0854fb3ef33f&Language=E&Section=ALL
2533530,ca.proc.d.1968-02-21.2.8,1968-02-21,intervention,,,,PROPOSED MOTION RESPECTING HOUSE VOTE ON BILL C-193,,,"No.

",,,Some hon. Members:,
2533531,ca.proc.d.1968-02-21.2.9,1968-02-21,51c861ef-0f17-4a79-8d9b-0854fb3ef33f,ca.m.6889,Mr. Pearson:,Prime Minister,PROPOSED MOTION RESPECTING HOUSE VOTE ON BILL C-193,,,"-that notwithstanding the 48 hour regulation this motion may be considered at once by this house.

",Liberal,,Lester Bowles Pearson,http://www.parl.gc.ca/parlinfo/Files/Parliamentarian.aspx?Item=51c861ef-0f17-4a79-8d9b-0854fb3ef33f&Language=E&Section=ALL
2533532,ca.proc.d.1968-02-21.2.10,1968-02-21,intervention,,,,PROPOSED MOTION RESPECTING HOUSE VOTE ON BILL C-193,,,"Hear, hear.

",,,Some hon. Members:,
2533533,ca.proc.d.1968-02-21.2.11,1968-02-21,0fc16474-225b-4f98-b627-1265ff7a4004,ca.m.8458,Hon. Robert L. Stanfield (Leader of the Opposition):,Leader of the Official Opposition,PROPOSED MOTION RESPECTING HOUSE VOTE ON BILL C-193,,,"Mr. Speaker, we take the position that this government has no right to put any business before this house-

",Progressive Conservative,,Robert Lorne Stanfield,http://www.parl.gc.ca/parlinfo/Files/Parliamentarian.aspx?Item=0fc16474-225b-4f98-b627-1265ff7a4004&Language=E&Section=ALL
2533534,ca.proc.d.1968-02-21.2.12,1968-02-21,intervention,,,,PROPOSED MOTION RESPECTING HOUSE VOTE ON BILL C-193,,,"Hear, hear.

",,,Some hon. Members:,
2533535,ca.proc.d.1968-02-21.2.13,1968-02-21,0fc16474-225b-4f98-b627-1265ff7a4004,ca.m.8458,Mr. Stanfield:,Leader of the Official Opposition,PROPOSED MOTION RESPECTING HOUSE VOTE ON BILL C-193,,,"-including a motion of confidence. It was defeated on a bill to raise
taxes, a fundamental part of the government's program, a defeat clearly involving a loss of confidence of the house.

",Progressive Conservative,,Robert Lorne Stanfield,http://www.parl.gc.ca/parlinfo/Files/Parliamentarian.aspx?Item=0fc16474-225b-4f98-b627-1265ff7a4004&Language=E&Section=ALL
2533536,ca.proc.d.1968-02-21.2.14,1968-02-21,intervention,,,,PROPOSED MOTION RESPECTING HOUSE VOTE ON BILL C-193,,,"Hear, hear.

",,,Some hon. Members:,
2533537,ca.proc.d.1968-02-21.2.15,1968-02-21,0fc16474-225b-4f98-b627-1265ff7a4004,ca.m.8458,Mr. Stanfield:,Leader of the Official Opposition,PROPOSED MOTION RESPECTING HOUSE VOTE ON BILL C-193,,,"The constitution and the constitutional practice must be respected. It is fundamental to our constitution that such a loss of a fundamental vote of confidence involves resignation or a recommendation for dissolution.

",Progressive Conservative,,Robert Lorne Stanfield,http://www.parl.gc.ca/parlinfo/Files/Parliamentarian.aspx?Item=0fc16474-225b-4f98-b627-1265ff7a4004&Language=E&Section=ALL
2533538,ca.proc.d.1968-02-21.2.16,1968-02-21,intervention,,,,PROPOSED MOTION RESPECTING HOUSE VOTE ON BILL C-193,,,"Hear, hear.

",,,Some hon. Members:,
2533539,ca.proc.d.1968-02-21.2.17,1968-02-21,0fc16474-225b-4f98-b627-1265ff7a4004,ca.m.8458,Mr. Stanfield:,Leader of the Official Opposition,PROPOSED MOTION RESPECTING HOUSE VOTE ON BILL C-193,,,"The government, to try to place any business or any substantive motion before this house, would make a mockery of the vote that took place on Monday evening.

",Progressive Conservative,,Robert Lorne Stanfield,http://www.parl.gc.ca/parlinfo/Files/Parliamentarian.aspx?Item=0fc16474-225b-4f98-b627-1265ff7a4004&Language=E&Section=ALL
2533540,ca.proc.d.1968-02-21.2.18,1968-02-21,intervention,,,,PROPOSED MOTION RESPECTING HOUSE VOTE ON BILL C-193,,,"Hear, hear.

",,,Some hon. Members:,
2533541,ca.proc.d.1968-02-21.2.19,1968-02-21,0fc16474-225b-4f98-b627-1265ff7a4004,ca.m.8458,Mr. Stanfield:,Leader of the Official Opposition,PROPOSED MOTION RESPECTING HOUSE VOTE ON BILL C-193,,,"There is no precedent for a government defeated on such a fundamental matter as this to then try to do further business with the house, as it tried to do on Monday evening following that defeat-actually being defeated twice on that occasion -and again now trying to do so by putting this motion before the house.
I say, sir, that the government is flouting the constitution. It is flouting parliament. It has no right to present such a motion.

",Progressive Conservative,,Robert Lorne Stanfield,http://www.parl.gc.ca/parlinfo/Files/Parliamentarian.aspx?Item=0fc16474-225b-4f98-b627-1265ff7a4004&Language=E&Section=ALL
2533542,ca.proc.d.1968-02-21.2.20,1968-02-21,intervention,,,,PROPOSED MOTION RESPECTING HOUSE VOTE ON BILL C-193,,,"Hear, hear.

",,,Some hon. Members:,
2533543,ca.proc.d.1968-02-21.2.21,1968-02-21,0fc16474-225b-4f98-b627-1265ff7a4004,ca.m.8458,Mr. Stanfield:,Leader of the Official Opposition,PROPOSED MOTION RESPECTING HOUSE VOTE ON BILL C-193,,,"We therefore cannot agree to waive notice. To do so would be to make light of the vote that took place on Monday night. Furthermore since we believe and are convinced the government has no right to make such a motion, we certainly cannot agree to waive notice.

",Progressive Conservative,,Robert Lorne Stanfield,http://www.parl.gc.ca/parlinfo/Files/Parliamentarian.aspx?Item=0fc16474-225b-4f98-b627-1265ff7a4004&Language=E&Section=ALL
2533544,ca.proc.d.1968-02-21.2.22,1968-02-21,intervention,,,,PROPOSED MOTION RESPECTING HOUSE VOTE ON BILL C-193,,,"Hear, hear.
[DOT] (2:40 p.m.)

",,,Some hon. Members:,
2533545,ca.proc.d.1968-02-21.2.23,1968-02-21,d34eb71d-3bc8-4258-8a3f-2007fa662c38,ca.m.4292,Mr. T. C. Douglas (Burnaby-Coquiilam):,,PROPOSED MOTION RESPECTING HOUSE VOTE ON BILL C-193,,,"Mr. Speaker, the members of the New Democratic party take the position that while the government may have a constitutional right to ask the house for a vote of confidence, it has no moral right-

",New Democratic Party,,Thomas Clement (Tommy) Douglas,http://www.parl.gc.ca/parlinfo/Files/Parliamentarian.aspx?Item=d34eb71d-3bc8-4258-8a3f-2007fa662c38&Language=E&Section=ALL
2533546,ca.proc.d.1968-02-21.2.24,1968-02-21,intervention,,,,PROPOSED MOTION RESPECTING HOUSE VOTE ON BILL C-193,,,"Oh, oh.
6904	COMMONS
Motion Respecting House Vote

",,,Some hon. Members:,
2533547,ca.proc.d.1968-02-21.2.25,1968-02-21,d34eb71d-3bc8-4258-8a3f-2007fa662c38,ca.m.4292,Mr. Douglas:,,PROPOSED MOTION RESPECTING HOUSE VOTE ON BILL C-193,,,"-to ask this house for a vote of confidence in view of the fact that one of its major fiscal measures was defeated in this house last Monday night.

",New Democratic Party,,Thomas Clement (Tommy) Douglas,http://www.parl.gc.ca/parlinfo/Files/Parliamentarian.aspx?Item=d34eb71d-3bc8-4258-8a3f-2007fa662c38&Language=E&Section=ALL
2533548,ca.proc.d.1968-02-21.2.26,1968-02-21,intervention,,,,PROPOSED MOTION RESPECTING HOUSE VOTE ON BILL C-193,,,"Hear, hear.

",,,Some hon. Members:,
2533549,ca.proc.d.1968-02-21.2.27,1968-02-21,d34eb71d-3bc8-4258-8a3f-2007fa662c38,ca.m.4292,Mr. Douglas:,,PROPOSED MOTION RESPECTING HOUSE VOTE ON BILL C-193,,,"In our system of parliamentary government the most important right is the right to impose taxes. This government has been denied that right by a majority of members voting on Bill No. C-193.

",New Democratic Party,,Thomas Clement (Tommy) Douglas,http://www.parl.gc.ca/parlinfo/Files/Parliamentarian.aspx?Item=d34eb71d-3bc8-4258-8a3f-2007fa662c38&Language=E&Section=ALL
2533550,ca.proc.d.1968-02-21.2.28,1968-02-21,intervention,,,,PROPOSED MOTION RESPECTING HOUSE VOTE ON BILL C-193,,,"Hear, hear.

",,,Some hon. Members:,
2533551,ca.proc.d.1968-02-21.2.29,1968-02-21,d34eb71d-3bc8-4258-8a3f-2007fa662c38,ca.m.4292,Mr. Douglas:,,PROPOSED MOTION RESPECTING HOUSE VOTE ON BILL C-193,,,"However, Mr. Speaker, the defeat of that measure and the ineptitude of the government in dealing with it are merely symptomatic of the ineptitude of the government's handling of the entire Canadian economy.

",New Democratic Party,,Thomas Clement (Tommy) Douglas,http://www.parl.gc.ca/parlinfo/Files/Parliamentarian.aspx?Item=d34eb71d-3bc8-4258-8a3f-2007fa662c38&Language=E&Section=ALL
2533552,ca.proc.d.1968-02-21.2.30,1968-02-21,intervention,,,,PROPOSED MOTION RESPECTING HOUSE VOTE ON BILL C-193,,,"Hear, hear.

",,,Some hon. Members:,
2533553,ca.proc.d.1968-02-21.2.31,1968-02-21,d34eb71d-3bc8-4258-8a3f-2007fa662c38,ca.m.4292,Mr. Douglas:,,PROPOSED MOTION RESPECTING HOUSE VOTE ON BILL C-193,,,"The vote which was held on Monday night is merely the culmination of a long process of disintegration of a government which is not only inept but so badly divided that it cannot make any decisions on major matters of importance.

",New Democratic Party,,Thomas Clement (Tommy) Douglas,http://www.parl.gc.ca/parlinfo/Files/Parliamentarian.aspx?Item=d34eb71d-3bc8-4258-8a3f-2007fa662c38&Language=E&Section=ALL
2533554,ca.proc.d.1968-02-21.2.32,1968-02-21,intervention,,,,PROPOSED MOTION RESPECTING HOUSE VOTE ON BILL C-193,,,"Hear, hear.

",,,Some hon. Members:,
2533555,ca.proc.d.1968-02-21.2.33,1968-02-21,d34eb71d-3bc8-4258-8a3f-2007fa662c38,ca.m.4292,Mr. Douglas:,,PROPOSED MOTION RESPECTING HOUSE VOTE ON BILL C-193,,,"This party therefore takes the position that the government's only real option is to seek a mandate from the electorate and ask the voters of this country-

",New Democratic Party,,Thomas Clement (Tommy) Douglas,http://www.parl.gc.ca/parlinfo/Files/Parliamentarian.aspx?Item=d34eb71d-3bc8-4258-8a3f-2007fa662c38&Language=E&Section=ALL
2533556,ca.proc.d.1968-02-21.2.34,1968-02-21,intervention,,,,PROPOSED MOTION RESPECTING HOUSE VOTE ON BILL C-193,,,"Oh, oh.

",,,An hon. Member:,
2533557,ca.proc.d.1968-02-21.2.35,1968-02-21,f6513c37-51de-4336-8b57-b883c2d3944d,ca.m.1290,Mr. Starr:,Official Opposition House Leader; Progressive Conservative Party House Leader,PROPOSED MOTION RESPECTING HOUSE VOTE ON BILL C-193,,,"If you had any principles that is what you would do.

",Progressive Conservative,,Michael Starr,http://www.parl.gc.ca/parlinfo/Files/Parliamentarian.aspx?Item=f6513c37-51de-4336-8b57-b883c2d3944d&Language=E&Section=ALL
2533558,ca.proc.d.1968-02-21.2.36,1968-02-21,d34eb71d-3bc8-4258-8a3f-2007fa662c38,ca.m.4292,Mr. Douglas:,,PROPOSED MOTION RESPECTING HOUSE VOTE ON BILL C-193,,,"-whether they are willing to have a government impose a 5 per cent surtax on personal incomes at the same time they are handing back millions of dollars to corporations as the result of a refund tax that was imposed on these people. As the Prime Minister said last night, the government needs the money; but the Canadian people have a right to know whether the government needs it so badly that it should turn over tens of millions of dollars in the form of reimbursement to the corporations of this country. That is the issue on which this government should go to the electorate. That is the question on which members of the government should ask the voters for a mandate.
With reference to the motion which the Prime Minister has asked that we give consent to having debated today, I should say

DEBATES	February 21, 1968
that while we think the government has no moral right to ask for a vote of confidence, we do not deny its constitutional right. Had the government brought in a straight motion of confidence we might well have agreed to proceed with the debate today. However, the motion which the Prime Minister has sent to the Clerk's office is not a motion of confidence; it is a motion asking this house to repudiate a decision it has already made.

",New Democratic Party,,Thomas Clement (Tommy) Douglas,http://www.parl.gc.ca/parlinfo/Files/Parliamentarian.aspx?Item=d34eb71d-3bc8-4258-8a3f-2007fa662c38&Language=E&Section=ALL
2533559,ca.proc.d.1968-02-21.2.37,1968-02-21,intervention,,,,PROPOSED MOTION RESPECTING HOUSE VOTE ON BILL C-193,,,"Hear, hear.

",,,Some hon. Members:,
2533560,ca.proc.d.1968-02-21.2.38,1968-02-21,d34eb71d-3bc8-4258-8a3f-2007fa662c38,ca.m.4292,Mr. Douglas:,,PROPOSED MOTION RESPECTING HOUSE VOTE ON BILL C-193,,,"It is a motion asking this house to turn back the clock.

",New Democratic Party,,Thomas Clement (Tommy) Douglas,http://www.parl.gc.ca/parlinfo/Files/Parliamentarian.aspx?Item=d34eb71d-3bc8-4258-8a3f-2007fa662c38&Language=E&Section=ALL
2533561,ca.proc.d.1968-02-21.2.39,1968-02-21,intervention,,,,PROPOSED MOTION RESPECTING HOUSE VOTE ON BILL C-193,,,"Right.

",,,An hon. Member:,
2533562,ca.proc.d.1968-02-21.2.40,1968-02-21,d34eb71d-3bc8-4258-8a3f-2007fa662c38,ca.m.4292,Mr. Douglas:,,PROPOSED MOTION RESPECTING HOUSE VOTE ON BILL C-193,,,"It is a motion which is so unprecedented in its arrogance that we have the right to ask for time to study it and assess its implications-

",New Democratic Party,,Thomas Clement (Tommy) Douglas,http://www.parl.gc.ca/parlinfo/Files/Parliamentarian.aspx?Item=d34eb71d-3bc8-4258-8a3f-2007fa662c38&Language=E&Section=ALL
2533563,ca.proc.d.1968-02-21.2.41,1968-02-21,intervention,,,,PROPOSED MOTION RESPECTING HOUSE VOTE ON BILL C-193,,,"Oh, oh.

",,,Some hon. Members:,
2533564,ca.proc.d.1968-02-21.2.42,1968-02-21,d34eb71d-3bc8-4258-8a3f-2007fa662c38,ca.m.4292,Mr. Douglas:,,PROPOSED MOTION RESPECTING HOUSE VOTE ON BILL C-193,,,"-because I suggest to this house that this motion could be the prelude to the government seeking to reinstate Bill C-193, which otherwise it would be unable to do under the rules of the house.

",New Democratic Party,,Thomas Clement (Tommy) Douglas,http://www.parl.gc.ca/parlinfo/Files/Parliamentarian.aspx?Item=d34eb71d-3bc8-4258-8a3f-2007fa662c38&Language=E&Section=ALL
2533565,ca.proc.d.1968-02-21.2.43,1968-02-21,intervention,,,,PROPOSED MOTION RESPECTING HOUSE VOTE ON BILL C-193,,,"Hear, hear.

",,,Some hon. Members:,
2533566,ca.proc.d.1968-02-21.2.44,1968-02-21,d34eb71d-3bc8-4258-8a3f-2007fa662c38,ca.m.4292,Mr. Douglas:,,PROPOSED MOTION RESPECTING HOUSE VOTE ON BILL C-193,,,"In my opinion this is the first step in an attempt to do something which the rules of the house prevent them from doing. This is an attempt to reimpose a tax which the House of Commons by vote denied the government the right to impose.

",New Democratic Party,,Thomas Clement (Tommy) Douglas,http://www.parl.gc.ca/parlinfo/Files/Parliamentarian.aspx?Item=d34eb71d-3bc8-4258-8a3f-2007fa662c38&Language=E&Section=ALL
2533567,ca.proc.d.1968-02-21.2.45,1968-02-21,intervention,,,,PROPOSED MOTION RESPECTING HOUSE VOTE ON BILL C-193,,,"Hear, hear.

",,,Some hon. Members:,
2533568,ca.proc.d.1968-02-21.2.46,1968-02-21,d34eb71d-3bc8-4258-8a3f-2007fa662c38,ca.m.4292,Mr. Douglas:,,PROPOSED MOTION RESPECTING HOUSE VOTE ON BILL C-193,,,"Therefore, Mr. Speaker, we are compelled to ask ourselves whether we are now to have a repetition of the pipe line debate; whether we are to have another attempt to wipe the slate clean and start all over again; whether we are to have an attempt by the government to rewrite history and make the House of Commons reverse a decision that has been made in order to allow the government to then force another decision on this House of Commons and force a tax upon the Canadian people.
Therefore we cannot consent to proceeding with this motion today. If the government insists on placing it on the order paper of course it will come up on Friday. In our opinion the government ought to do what is the proper thing to do; that is, having been defeated, the government has the right to go to the Governor General and ask for
February 21, 1968

dissolution of parliament. If it is not prepared to do that, this house ought to adjourn until the motion the Prime Minister is going to move can be debated.

",New Democratic Party,,Thomas Clement (Tommy) Douglas,http://www.parl.gc.ca/parlinfo/Files/Parliamentarian.aspx?Item=d34eb71d-3bc8-4258-8a3f-2007fa662c38&Language=E&Section=ALL
2533569,ca.proc.d.1968-02-21.2.47,1968-02-21,9a216666-6b6a-4761-9a98-afc11747bf5f,ca.m.9053,Mr. Woolliams:,,PROPOSED MOTION RESPECTING HOUSE VOTE ON BILL C-193,,,"That's right.

",Progressive Conservative,,Eldon Mattison Woolliams,http://www.parl.gc.ca/parlinfo/Files/Parliamentarian.aspx?Item=9a216666-6b6a-4761-9a98-afc11747bf5f&Language=E&Section=ALL
2533570,ca.proc.d.1968-02-21.2.48,1968-02-21,d34eb71d-3bc8-4258-8a3f-2007fa662c38,ca.m.4292,Mr. Douglas:,,PROPOSED MOTION RESPECTING HOUSE VOTE ON BILL C-193,,,"I do not think this house has any right to proceed with any business until this matter has been settled. It seems to me, therefore, that the government should have a little time to make its decision as to whether it wants to seek the dissolution of parliament or wants to proceed with the motion the Prime Minister has read.
With that in mind, Mr. Speaker, it seems to me there is little value in trying to continue with the business of the house. The house ought to adjourn until Friday. If at that time the government wishes to proceed with this motion we cannot prevent it from doing so. In the meantime, I hope the government will take the decision of last Monday night as an indication that it has lost the confidence of this house.

",New Democratic Party,,Thomas Clement (Tommy) Douglas,http://www.parl.gc.ca/parlinfo/Files/Parliamentarian.aspx?Item=d34eb71d-3bc8-4258-8a3f-2007fa662c38&Language=E&Section=ALL
2533571,ca.proc.d.1968-02-21.2.49,1968-02-21,intervention,,,,PROPOSED MOTION RESPECTING HOUSE VOTE ON BILL C-193,,,"Hear, hear.

",,,Some hon. Members:,
2533572,ca.proc.d.1968-02-21.2.50,1968-02-21,100b1ca5-ed42-4c99-9d57-5ad648bd8c96,ca.m.4410,Mr. Real Caouelle (Villeneuve):,,PROPOSED MOTION RESPECTING HOUSE VOTE ON BILL C-193,,,"Mr. Speaker, I deplore the interventions of some Conservative members when the Prime Minister (Mr. Pearson) rose to read the motion he is introducing today and which reads as follows:
That this house does not regard its vote on February 19 in connection with the third reading of Bill C-193 which it carried on all its previous stages as a vote of non-confidence in the government.
Mr. Speaker, as the previous speaker just said, only the government, and nobody else, is to blame for the situation in which it finds itself at present. In fact, on the evening of the vote, the government did not have to move the third reading of Bill No. C-193; it did so, and the motion was defeated by a majority vote of the house.
If we believe that, in a democracy, parliament is the real sovereign of the country, we may say, in the present circumstances, that the government has been defeated by a parliamentary majority and that it should resign.

",Ralliement Créditiste,,David Réal Caouette,http://www.parl.gc.ca/parlinfo/Files/Parliamentarian.aspx?Item=100b1ca5-ed42-4c99-9d57-5ad648bd8c96&Language=E&Section=ALL
2533573,ca.proc.d.1968-02-21.2.51,1968-02-21,intervention,,,,PROPOSED MOTION RESPECTING HOUSE VOTE ON BILL C-193,,,"Hear, hear.

",,,Some hon. Members:,
2533574,ca.proc.d.1968-02-21.2.52,1968-02-21,100b1ca5-ed42-4c99-9d57-5ad648bd8c96,ca.m.4410,Mr. Caouelle:,,PROPOSED MOTION RESPECTING HOUSE VOTE ON BILL C-193,,,"The motion of the Prime Minister is to the effect that, on third reading, the bill had passed all the previous
Motion Respecting House Vote stages. It should be added that it was on division, since the various motions and the clauses of the bill were passed by the house on division, precisely because the government had a majority. We objected to Bill No. C-193 at the resolution stage. We are still opposed to it, and if the motion for third reading has been rejected by a vote in the house, I see no other way out for the government than to go to the people and ask for their opinion on the way in which the business of the country is to be dealt with.
[DOT] (2:50 p.m.)
I said earlier that the government alone is responsible for the situation in which it now finds itself. That is a fact. Monday evening the Deputy Speaker read the following motion:
Mr. Sharp, seconded by Mr. Benson, moves that Bill No. C-193, an act to amend the Income Tax Act, be now read a third time and do pass.
The vote was taken. Much importance is being attached to the word ""now"". At that time the hon. Minister of Finance (Mr. Sharp) could have objected to third reading and deferred it for a day or two, or even a week. This was not done. Instead, the Minister of Finance said arrogantly: Yes, let the motion be put to a vote. We voted, and the government was defeated. Under the circumstances there is but one way out, and that is to go to the people.
With regard to the motion, we all know it is to be debated in 48 hours. The Conservatives are opposed to debating it today, as well as the New Democratic party.
As far as the Ralliement Creditiste is concerned, we would have allowed the government to discuss the matter today, in order not to waste any more public funds, through costly adjournments today and tomorrow. The Canadian people will be paying for that. We will probably be adjourning in a few moments to meet again only on Friday. In the meantime the Canadian people will be footing the bill.
Mr. Speaker, we would therefore have no objection to discussing the motion now, to throw light on the situation, to tell the government what we think, and to let the Canadian people know what is going on.
I feel that if all the members assumed their responsibilities we would allow the motion to be debated immediately to clear up the situation and straighten things out.
6906	COMMONS
Motion Respecting House Vote [English]

",Ralliement Créditiste,,David Réal Caouette,http://www.parl.gc.ca/parlinfo/Files/Parliamentarian.aspx?Item=100b1ca5-ed42-4c99-9d57-5ad648bd8c96&Language=E&Section=ALL
2533575,ca.proc.d.1968-02-21.2.53,1968-02-21,03bdeb92-5e2c-42ef-87e7-af2178b73f74,ca.m.2134,Mr. A. B. Patterson (Fraser Valley):,,PROPOSED MOTION RESPECTING HOUSE VOTE ON BILL C-193,,,"Mr. Speaker, last evening In a statement to the Canadian people the Prime Minister outlined what he anticipated would be the procedure today and the position of the government with respect to this crisis in which they find themselves.
In the course of that presentation to the Canadian people reference was made to the fact that this is a situation which minority governments face constantly, but I suggest that this has nothing to do with a minority government situation, in view of the fact that when the vote was taken the other evening a great percentage of government supporters were not present in the house. Therefore had the government seen to it that their members were present and voting, there would have been no situation develop as we find it today.

",Social Credit,,Alexander Bell Patterson,http://www.parl.gc.ca/parlinfo/Files/Parliamentarian.aspx?Item=03bdeb92-5e2c-42ef-87e7-af2178b73f74&Language=E&Section=ALL
2533576,ca.proc.d.1968-02-21.2.54,1968-02-21,intervention,,,,PROPOSED MOTION RESPECTING HOUSE VOTE ON BILL C-193,,,"Hear, hear.

",,,Some hon. Members:,
2533577,ca.proc.d.1968-02-21.2.55,1968-02-21,03bdeb92-5e2c-42ef-87e7-af2178b73f74,ca.m.2134,Mr. Patterson:,,PROPOSED MOTION RESPECTING HOUSE VOTE ON BILL C-193,,,"Therefore I cannot agree that this situation has anything whatsoever to do with the minority position in which the government finds itself. The Prime Minister also referred to the fact that the bill had previously passed all stages and had been supported by the House of Commons, and therefore brought into question the position that was being taken that the vote on third reading was actually a vote of non-confidence.
However, Mr. Speaker, it has been brought to my attention this morning that the vote on third reading was a heavier vote than any that were taken during the committee stage or any other stage of the bill. Therefore it seems to me that the logic hardly carries through, because in the heaviest vote that was taken the government was defeated. So it appears to us that the vote was in effect a clear repudiation of the economic program of the government-

",Social Credit,,Alexander Bell Patterson,http://www.parl.gc.ca/parlinfo/Files/Parliamentarian.aspx?Item=03bdeb92-5e2c-42ef-87e7-af2178b73f74&Language=E&Section=ALL
2533578,ca.proc.d.1968-02-21.2.56,1968-02-21,intervention,,,,PROPOSED MOTION RESPECTING HOUSE VOTE ON BILL C-193,,,"Hear, hear.

",,,Some hon. Members:,
2533579,ca.proc.d.1968-02-21.2.57,1968-02-21,03bdeb92-5e2c-42ef-87e7-af2178b73f74,ca.m.2134,Mr. Patterson:,,PROPOSED MOTION RESPECTING HOUSE VOTE ON BILL C-193,,,"-in view of the fact that the bill was based upon the budget resolutions which were presented to the house last fall.
Had the Prime Minister seen fit to introduce a straight motion of confidence today I think the situation would have been much easier to understand. However, he has seen fit to couch the motion in such terms that it actually implies a repudiation of the decision taken the other evening on third reading.

DEBATES	February 21. 1968
We would not have objected to waiving the 48-hour requirement on this motion in order to get it before the house and find a solution to the problem. However, in saying that may I point out that the government could not in any way expect to get a favourable vote even had the 48-hour requirement been eliminated.
Therefore it seems to me that the only course the government can follow, since apparently it is not going to get the consent of the house to waiving the 48-hour limitation, is to move that the house adjourn until we have an opportunity to discuss the motion which has been introduced by the Prime Minister.

",Social Credit,,Alexander Bell Patterson,http://www.parl.gc.ca/parlinfo/Files/Parliamentarian.aspx?Item=03bdeb92-5e2c-42ef-87e7-af2178b73f74&Language=E&Section=ALL
2533580,ca.proc.d.1968-02-21.2.58,1968-02-21,51c861ef-0f17-4a79-8d9b-0854fb3ef33f,ca.m.6889,Mr. Pearson:,Prime Minister,PROPOSED MOTION RESPECTING HOUSE VOTE ON BILL C-193,,,"Mr. Speaker, since there does not seem to be unanimous consent to go ahead with this important measure now, naturally it has to be reserved until Friday when we can proceed with it. I hope that tomorrow we will be able to go ahead with our constitutional debate as planned.

",Liberal,,Lester Bowles Pearson,http://www.parl.gc.ca/parlinfo/Files/Parliamentarian.aspx?Item=51c861ef-0f17-4a79-8d9b-0854fb3ef33f&Language=E&Section=ALL
2533581,ca.proc.d.1968-02-21.2.59,1968-02-21,intervention,,,,PROPOSED MOTION RESPECTING HOUSE VOTE ON BILL C-193,,,"No.

",,,Some hon. Members:,
2533582,ca.proc.d.1968-02-21.2.60,1968-02-21,51c861ef-0f17-4a79-8d9b-0854fb3ef33f,ca.m.6889,Mr. Pearson:,Prime Minister,PROPOSED MOTION RESPECTING HOUSE VOTE ON BILL C-193,,,"This is a very important discussion on constitutional changes.

",Liberal,,Lester Bowles Pearson,http://www.parl.gc.ca/parlinfo/Files/Parliamentarian.aspx?Item=51c861ef-0f17-4a79-8d9b-0854fb3ef33f&Language=E&Section=ALL
2533583,ca.proc.d.1968-02-21.2.61,1968-02-21,f6513c37-51de-4336-8b57-b883c2d3944d,ca.m.1290,Mr. Starr:,Official Opposition House Leader; Progressive Conservative Party House Leader,PROPOSED MOTION RESPECTING HOUSE VOTE ON BILL C-193,,,"You should have kept that in mind last Monday.

",Progressive Conservative,,Michael Starr,http://www.parl.gc.ca/parlinfo/Files/Parliamentarian.aspx?Item=f6513c37-51de-4336-8b57-b883c2d3944d&Language=E&Section=ALL
2533584,ca.proc.d.1968-02-21.2.62,1968-02-21,51c861ef-0f17-4a79-8d9b-0854fb3ef33f,ca.m.6889,Mr. Pearson:,Prime Minister,PROPOSED MOTION RESPECTING HOUSE VOTE ON BILL C-193,,,"Hon. gentlemen opposite are not interested in the constitution. They are interested in throwing out this government and having an election. Mr. Speaker, I move the adjournment of the house.

",Liberal,,Lester Bowles Pearson,http://www.parl.gc.ca/parlinfo/Files/Parliamentarian.aspx?Item=51c861ef-0f17-4a79-8d9b-0854fb3ef33f&Language=E&Section=ALL
2533585,ca.proc.d.1968-02-21.2.63,1968-02-21,3e0d75d7-a08d-413b-9413-e6054d79e797,ca.m.4170,Mr. Speaker:,Speaker of the House of Commons,PROPOSED MOTION RESPECTING HOUSE VOTE ON BILL C-193,,,"I understand the right hon. leader of the government has moved the adjournment of the house.

",Liberal,,Lucien Lamoureux,http://www.parl.gc.ca/parlinfo/Files/Parliamentarian.aspx?Item=3e0d75d7-a08d-413b-9413-e6054d79e797&Language=E&Section=ALL
2533586,ca.proc.d.1968-02-21.2.64,1968-02-21,103e48f0-b6bb-43eb-9c06-7ceffaf3ea78,ca.m.7989,Mr. Stanley Knowles (Winnipeg North Centre):,N.D.P. House Leader; Whip of the N.D.P.,PROPOSED MOTION RESPECTING HOUSE VOTE ON BILL C-193,,,"Mr. Speaker, I rise on a point of order. Before the Prime Minister moved the adjournment of the house he made a suggestion as to what the house might deal with tomorrow. In other words he was implying that the adjournment he moved would be effective only until tomorrow rather than until Friday.
My point of order is that the Prime Minister is asking that the house deal with a matter of government business tomorrow before we have dealt with the question as to whether or not the government has the confidence of the house.
February 21, 1968

I suggest to you, Mr. Speaker, that this is out of order, that the house should not be asked to vote on a motion which implies that we come back tomorrow to deal with another matter before we have dealt with the question of the confidence of the house in the government.
In support of my contention that at this moment the government does not have the confidence of the house may I refer to the Prime Minister's proposed motion. It is a matter of constitutional understanding in this country that we do not proceed with business unless the government has the confidence of the house, and the motion-

",New Democratic Party,,Stanley Howard Knowles,http://www.parl.gc.ca/parlinfo/Files/Parliamentarian.aspx?Item=103e48f0-b6bb-43eb-9c06-7ceffaf3ea78&Language=E&Section=ALL
2533587,ca.proc.d.1968-02-21.2.65,1968-02-21,3e0d75d7-a08d-413b-9413-e6054d79e797,ca.m.4170,Mr. Speaker:,Speaker of the House of Commons,PROPOSED MOTION RESPECTING HOUSE VOTE ON BILL C-193,,,"Order, please. The hon.
member is debating the constitutional position now. This is not what is before the house, although I must bring to the attention of the house that I have not received a written motion with a seconder. The Prime Minister should put this in the hands of the Chair before the motion can be put.

",Liberal,,Lucien Lamoureux,http://www.parl.gc.ca/parlinfo/Files/Parliamentarian.aspx?Item=3e0d75d7-a08d-413b-9413-e6054d79e797&Language=E&Section=ALL
2533588,ca.proc.d.1968-02-21.2.66,1968-02-21,f6513c37-51de-4336-8b57-b883c2d3944d,ca.m.1290,Mr. Starr:,Official Opposition House Leader; Progressive Conservative Party House Leader,PROPOSED MOTION RESPECTING HOUSE VOTE ON BILL C-193,,,"They don't do anything properly.

",Progressive Conservative,,Michael Starr,http://www.parl.gc.ca/parlinfo/Files/Parliamentarian.aspx?Item=f6513c37-51de-4336-8b57-b883c2d3944d&Language=E&Section=ALL
2533589,ca.proc.d.1968-02-21.2.67,1968-02-21,103e48f0-b6bb-43eb-9c06-7ceffaf3ea78,ca.m.7989,Mr. Knowles:,N.D.P. House Leader; Whip of the N.D.P.,PROPOSED MOTION RESPECTING HOUSE VOTE ON BILL C-193,,,"May I continue with my point of order, Mr. Speaker?

",New Democratic Party,,Stanley Howard Knowles,http://www.parl.gc.ca/parlinfo/Files/Parliamentarian.aspx?Item=103e48f0-b6bb-43eb-9c06-7ceffaf3ea78&Language=E&Section=ALL
2533590,ca.proc.d.1968-02-21.2.68,1968-02-21,3e0d75d7-a08d-413b-9413-e6054d79e797,ca.m.4170,Mr. Speaker:,Speaker of the House of Commons,PROPOSED MOTION RESPECTING HOUSE VOTE ON BILL C-193,,,"Order, please. I suggest that perhaps we might allow the hon. member for Winnipeg North Centre to finish his point of order pending receipt of the motion.

",Liberal,,Lucien Lamoureux,http://www.parl.gc.ca/parlinfo/Files/Parliamentarian.aspx?Item=3e0d75d7-a08d-413b-9413-e6054d79e797&Language=E&Section=ALL
2533591,ca.proc.d.1968-02-21.2.69,1968-02-21,84909dc1-9a60-44b3-a939-2393ab563089,ca.m.3212,Mr. Diefenbaker:,,PROPOSED MOTION RESPECTING HOUSE VOTE ON BILL C-193,,,"We will not be throttled.

",Progressive Conservative,,John George Diefenbaker,http://www.parl.gc.ca/parlinfo/Files/Parliamentarian.aspx?Item=84909dc1-9a60-44b3-a939-2393ab563089&Language=E&Section=ALL
2533592,ca.proc.d.1968-02-21.2.70,1968-02-21,103e48f0-b6bb-43eb-9c06-7ceffaf3ea78,ca.m.7989,Mr. Knowles:,N.D.P. House Leader; Whip of the N.D.P.,PROPOSED MOTION RESPECTING HOUSE VOTE ON BILL C-193,,,"My point of order is that the government has no right to place before the Chair a motion which implies that we shall deal with other business. The government has admitted by its motion that there is a question as to whether it has the confidence of the house. We contend that it does not have that confidence. A motion that we adjourn which merely means that we adjourn until tomorrow implies that tomorrow we will deal with other business before we have settled the question of confidence. I suggest that the motion is therefore clearly out of order.

",New Democratic Party,,Stanley Howard Knowles,http://www.parl.gc.ca/parlinfo/Files/Parliamentarian.aspx?Item=103e48f0-b6bb-43eb-9c06-7ceffaf3ea78&Language=E&Section=ALL
2533593,ca.proc.d.1968-02-21.2.71,1968-02-21,84909dc1-9a60-44b3-a939-2393ab563089,ca.m.3212,Mr. Diefenbaker:,,PROPOSED MOTION RESPECTING HOUSE VOTE ON BILL C-193,,,"Mr. Speaker-
[DOT] (3:00 p.m.)

",Progressive Conservative,,John George Diefenbaker,http://www.parl.gc.ca/parlinfo/Files/Parliamentarian.aspx?Item=84909dc1-9a60-44b3-a939-2393ab563089&Language=E&Section=ALL
2533594,ca.proc.d.1968-02-21.2.72,1968-02-21,51c861ef-0f17-4a79-8d9b-0854fb3ef33f,ca.m.6889,Mr. Pearson:,Prime Minister,PROPOSED MOTION RESPECTING HOUSE VOTE ON BILL C-193,,,"May I repeat my motion? I move, seconded by the Secretary of State for External Affairs (Mr. Martin), that this house do now adjourn.
Motion Respecting House Vote

",Liberal,,Lester Bowles Pearson,http://www.parl.gc.ca/parlinfo/Files/Parliamentarian.aspx?Item=51c861ef-0f17-4a79-8d9b-0854fb3ef33f&Language=E&Section=ALL
2533595,ca.proc.d.1968-02-21.2.73,1968-02-21,intervention,,,,PROPOSED MOTION RESPECTING HOUSE VOTE ON BILL C-193,,,"You are not a dictator.

",,,An hon. Member:,
2533596,ca.proc.d.1968-02-21.2.74,1968-02-21,3e0d75d7-a08d-413b-9413-e6054d79e797,ca.m.4170,Mr. Speaker:,Speaker of the House of Commons,PROPOSED MOTION RESPECTING HOUSE VOTE ON BILL C-193,,,"Is the right hon. gentleman speaking to the point of order?

",Liberal,,Lucien Lamoureux,http://www.parl.gc.ca/parlinfo/Files/Parliamentarian.aspx?Item=3e0d75d7-a08d-413b-9413-e6054d79e797&Language=E&Section=ALL
2533597,ca.proc.d.1968-02-21.2.75,1968-02-21,84909dc1-9a60-44b3-a939-2393ab563089,ca.m.3212,Right Hon. J. G. Diefenbaker (Prince Albert):,,PROPOSED MOTION RESPECTING HOUSE VOTE ON BILL C-193,,,"Yes, Mr. Speaker, I am on a point of order. This is a most unusual proceeding. A government, having been defeated, now endeavours to get a second chance. I am reminded of 1956-

",Progressive Conservative,,John George Diefenbaker,http://www.parl.gc.ca/parlinfo/Files/Parliamentarian.aspx?Item=84909dc1-9a60-44b3-a939-2393ab563089&Language=E&Section=ALL
2533598,ca.proc.d.1968-02-21.2.76,1968-02-21,intervention,,,,PROPOSED MOTION RESPECTING HOUSE VOTE ON BILL C-193,,,"Oh, oh.

",,,Some hon. Members:,
2533599,ca.proc.d.1968-02-21.2.77,1968-02-21,3e0d75d7-a08d-413b-9413-e6054d79e797,ca.m.4170,Mr. Speaker:,Speaker of the House of Commons,PROPOSED MOTION RESPECTING HOUSE VOTE ON BILL C-193,,,"Order, please. I thought the right hon. gentleman was about to remind me of the rule that there could be no debate.

",Liberal,,Lucien Lamoureux,http://www.parl.gc.ca/parlinfo/Files/Parliamentarian.aspx?Item=3e0d75d7-a08d-413b-9413-e6054d79e797&Language=E&Section=ALL
2533600,ca.proc.d.1968-02-21.2.78,1968-02-21,84909dc1-9a60-44b3-a939-2393ab563089,ca.m.3212,Mr. Diefenbaker:,,PROPOSED MOTION RESPECTING HOUSE VOTE ON BILL C-193,,,"No; I want the opportunity of rising. Let that be clear.

",Progressive Conservative,,John George Diefenbaker,http://www.parl.gc.ca/parlinfo/Files/Parliamentarian.aspx?Item=84909dc1-9a60-44b3-a939-2393ab563089&Language=E&Section=ALL
2533601,ca.proc.d.1968-02-21.2.79,1968-02-21,3e0d75d7-a08d-413b-9413-e6054d79e797,ca.m.4170,Mr. Speaker:,Speaker of the House of Commons,PROPOSED MOTION RESPECTING HOUSE VOTE ON BILL C-193,,,"The matter is very simple. A motion to adjourn the house is always in order and has been submitted by the Prime Minister. The only thing I can do is put the motion to the house, although if the house wants to give consent I certainly have no objection to hearing what the right hon. gentleman may want to say.

",Liberal,,Lucien Lamoureux,http://www.parl.gc.ca/parlinfo/Files/Parliamentarian.aspx?Item=3e0d75d7-a08d-413b-9413-e6054d79e797&Language=E&Section=ALL
2533602,ca.proc.d.1968-02-21.2.80,1968-02-21,intervention,,,,PROPOSED MOTION RESPECTING HOUSE VOTE ON BILL C-193,,,"No.

",,,Some hon. Members:,
2533603,ca.proc.d.1968-02-21.2.81,1968-02-21,84909dc1-9a60-44b3-a939-2393ab563089,ca.m.3212,Mr. Diefenbaker:,,PROPOSED MOTION RESPECTING HOUSE VOTE ON BILL C-193,,,"With or without consent-

",Progressive Conservative,,John George Diefenbaker,http://www.parl.gc.ca/parlinfo/Files/Parliamentarian.aspx?Item=84909dc1-9a60-44b3-a939-2393ab563089&Language=E&Section=ALL
2533604,ca.proc.d.1968-02-21.2.82,1968-02-21,intervention,,,,PROPOSED MOTION RESPECTING HOUSE VOTE ON BILL C-193,,,"Oh, oh.

",,,Some hon. Members:,
2533605,ca.proc.d.1968-02-21.2.83,1968-02-21,84909dc1-9a60-44b3-a939-2393ab563089,ca.m.3212,Mr. Diefenbaker:,,PROPOSED MOTION RESPECTING HOUSE VOTE ON BILL C-193,,,"I rise to a question of order.

",Progressive Conservative,,John George Diefenbaker,http://www.parl.gc.ca/parlinfo/Files/Parliamentarian.aspx?Item=84909dc1-9a60-44b3-a939-2393ab563089&Language=E&Section=ALL
2533606,ca.proc.d.1968-02-21.2.84,1968-02-21,intervention,,,,PROPOSED MOTION RESPECTING HOUSE VOTE ON BILL C-193,,,"What is the question?

",,,An hon. Member:,
2533607,ca.proc.d.1968-02-21.2.85,1968-02-21,84909dc1-9a60-44b3-a939-2393ab563089,ca.m.3212,Mr. Diefenbaker:,,PROPOSED MOTION RESPECTING HOUSE VOTE ON BILL C-193,,,"What is the question? Is parliament to be throttled again as it was in 1956 by the same party? The particular point of order is this. In 1956 the government endeavoured to wipe out one day, Friday. What they are trying to do on this occasion is wipe out a decision of parliament, which is an unjust, unfair and unconstitutional proceeding.

",Progressive Conservative,,John George Diefenbaker,http://www.parl.gc.ca/parlinfo/Files/Parliamentarian.aspx?Item=84909dc1-9a60-44b3-a939-2393ab563089&Language=E&Section=ALL
2533608,ca.proc.d.1968-02-21.2.86,1968-02-21,3e0d75d7-a08d-413b-9413-e6054d79e797,ca.m.4170,Mr. Speaker:,Speaker of the House of Commons,PROPOSED MOTION RESPECTING HOUSE VOTE ON BILL C-193,,,"Is it the pleasure of the house to adopt the motion?

",Liberal,,Lucien Lamoureux,http://www.parl.gc.ca/parlinfo/Files/Parliamentarian.aspx?Item=3e0d75d7-a08d-413b-9413-e6054d79e797&Language=E&Section=ALL
2533609,ca.proc.d.1968-02-21.2.87,1968-02-21,103e48f0-b6bb-43eb-9c06-7ceffaf3ea78,ca.m.7989,Mr. Knowles:,N.D.P. House Leader; Whip of the N.D.P.,PROPOSED MOTION RESPECTING HOUSE VOTE ON BILL C-193,,,"Mr. Speaker, I ask for a ruling on my point of order.

",New Democratic Party,,Stanley Howard Knowles,http://www.parl.gc.ca/parlinfo/Files/Parliamentarian.aspx?Item=103e48f0-b6bb-43eb-9c06-7ceffaf3ea78&Language=E&Section=ALL
2533610,ca.proc.d.1968-02-21.2.88,1968-02-21,3e0d75d7-a08d-413b-9413-e6054d79e797,ca.m.4170,Mr. Speaker:,Speaker of the House of Commons,PROPOSED MOTION RESPECTING HOUSE VOTE ON BILL C-193,,,"I heard the point of order, and I submit to the hon. member that he is raising a constitutional question upon which I cannot rule. I cannot accept the point of order. I have to put the motion to the house.

",Liberal,,Lucien Lamoureux,http://www.parl.gc.ca/parlinfo/Files/Parliamentarian.aspx?Item=3e0d75d7-a08d-413b-9413-e6054d79e797&Language=E&Section=ALL
2533611,ca.proc.d.1968-02-21.2.89,1968-02-21,00163189-b2e2-4300-9100-81f7d68a7930,ca.m.4256,Mr. Horner (Acadia):,,PROPOSED MOTION RESPECTING HOUSE VOTE ON BILL C-193,,,"What is the motion?
February 21, 1968

Motion Respecting House Vote

",Progressive Conservative,,John (Jack) Henry Horner,http://www.parl.gc.ca/parlinfo/Files/Parliamentarian.aspx?Item=00163189-b2e2-4300-9100-81f7d68a7930&Language=E&Section=ALL
2533612,ca.proc.d.1968-02-21.2.90,1968-02-21,3e0d75d7-a08d-413b-9413-e6054d79e797,ca.m.4170,Mr. Speaker:,Speaker of the House of Commons,PROPOSED MOTION RESPECTING HOUSE VOTE ON BILL C-193,,,"Order, please. I will read the motion again.

",Liberal,,Lucien Lamoureux,http://www.parl.gc.ca/parlinfo/Files/Parliamentarian.aspx?Item=3e0d75d7-a08d-413b-9413-e6054d79e797&Language=E&Section=ALL
2533613,ca.proc.d.1968-02-21.2.91,1968-02-21,88de9baa-8839-401f-9aa2-55522b62d47f,ca.m.3979,Mr. Baldwin:,,PROPOSED MOTION RESPECTING HOUSE VOTE ON BILL C-193,,,"I rise on a question of privilege, Mr. Speaker.

",Progressive Conservative,,Gerald William Baldwin,http://www.parl.gc.ca/parlinfo/Files/Parliamentarian.aspx?Item=88de9baa-8839-401f-9aa2-55522b62d47f&Language=E&Section=ALL
2533614,ca.proc.d.1968-02-21.2.92,1968-02-21,3e0d75d7-a08d-413b-9413-e6054d79e797,ca.m.4170,Mr. Speaker:,Speaker of the House of Commons,PROPOSED MOTION RESPECTING HOUSE VOTE ON BILL C-193,,,"I will hear the hon. member for Peace River on a question of privilege, but some members did not hear the motion so I will put it again. The Prime Minister, seconded by the Secretary of State for External Affairs moved:
This house do now adjourn.
This was the motion I read a moment ago.

",Liberal,,Lucien Lamoureux,http://www.parl.gc.ca/parlinfo/Files/Parliamentarian.aspx?Item=3e0d75d7-a08d-413b-9413-e6054d79e797&Language=E&Section=ALL
2533615,ca.proc.d.1968-02-21.2.93,1968-02-21,88de9baa-8839-401f-9aa2-55522b62d47f,ca.m.3979,Mr. G. W. Baldwin (Peace River):,,PROPOSED MOTION RESPECTING HOUSE VOTE ON BILL C-193,,,"Any
such motion must be taken without prejudice to the right of myself and other hon.

members to say to the government that it is no longer the government so far as the House of Commons is concerned and cannot put any motion.

",Progressive Conservative,,Gerald William Baldwin,http://www.parl.gc.ca/parlinfo/Files/Parliamentarian.aspx?Item=88de9baa-8839-401f-9aa2-55522b62d47f&Language=E&Section=ALL
2533616,ca.proc.d.1968-02-21.2.94,1968-02-21,3e0d75d7-a08d-413b-9413-e6054d79e797,ca.m.4170,Mr. Speaker:,Speaker of the House of Commons,PROPOSED MOTION RESPECTING HOUSE VOTE ON BILL C-193,,,"All those in favour of the motion will please say yea.

",Liberal,,Lucien Lamoureux,http://www.parl.gc.ca/parlinfo/Files/Parliamentarian.aspx?Item=3e0d75d7-a08d-413b-9413-e6054d79e797&Language=E&Section=ALL
2533617,ca.proc.d.1968-02-21.2.95,1968-02-21,intervention,,,,PROPOSED MOTION RESPECTING HOUSE VOTE ON BILL C-193,,,"Yea.

",,,Some hon. Members:,
2533618,ca.proc.d.1968-02-21.2.96,1968-02-21,3e0d75d7-a08d-413b-9413-e6054d79e797,ca.m.4170,Mr. Speaker:,Speaker of the House of Commons,PROPOSED MOTION RESPECTING HOUSE VOTE ON BILL C-193,,,"All those opposed will please say nay.

",Liberal,,Lucien Lamoureux,http://www.parl.gc.ca/parlinfo/Files/Parliamentarian.aspx?Item=3e0d75d7-a08d-413b-9413-e6054d79e797&Language=E&Section=ALL
2533619,ca.proc.d.1968-02-21.2.97,1968-02-21,intervention,,,,PROPOSED MOTION RESPECTING HOUSE VOTE ON BILL C-193,,,"Nay.

",,,Some hon. Members:,
2533620,ca.proc.d.1968-02-21.2.98,1968-02-21,3e0d75d7-a08d-413b-9413-e6054d79e797,ca.m.4170,Mr. Speaker:,Speaker of the House of Commons,PROPOSED MOTION RESPECTING HOUSE VOTE ON BILL C-193,,,"In my opinion the yeas have it. I declare the motion carried.
Motion agreed to and the house adjourned at 3.06 p.m.

Thursday, February 22, 1968

",Liberal,,Lucien Lamoureux,http://www.parl.gc.ca/parlinfo/Files/Parliamentarian.aspx?Item=3e0d75d7-a08d-413b-9413-e6054d79e797&Language=E&Section=ALL
