original_cluster,chunk_cluster,weighted_flow,contributing_speech_n,raw_chunk_n,is_retained
4,4,2906.5737151737153,3315,7331,True
16,16,2108.8163114663116,4113,9708,True
16,4,1958.2608419358419,3774,9645,False
10,10,1247.9964146964146,2003,3973,True
3,3,789.1831252081251,1348,3023,True
5,5,614.5193750693751,1064,2358,True
0,0,561.848742923743,966,2368,True
10,4,515.0249805749805,1104,1792,False
15,15,505.2040542790543,867,1862,True
17,17,494.5283216783217,799,2360,True
1,1,487.9622877122877,839,1603,True
12,12,481.5054112554113,717,1314,True
11,11,448.29696692196694,701,1719,True
18,18,322.34789377289377,560,1057,True
3,4,315.3721833721834,760,1261,False
6,6,292.2723554223554,504,1344,True
13,13,292.22059607059606,495,1030,True
16,10,273.7065712065712,1085,1422,False
9,9,270.09574314574314,420,652,True
7,7,261.56911144411146,450,1101,True
19,19,236.66473526473527,377,1020,True
1,4,208.1453463203463,456,888,False
5,4,189.8771978021978,491,787,False
11,4,170.913011988012,384,713,False
15,4,170.2600704850705,418,766,False
16,3,167.46818181818182,691,878,False
0,4,154.95639083139082,423,679,False
17,4,149.31956931956933,391,753,False
2,2,135.05244755244755,221,534,True
14,14,134.57725607725607,248,402,True
16,5,126.58157120657121,574,701,False
5,16,117.92390664890665,377,681,False
18,4,117.07762515262515,292,466,False
16,18,115.19510767010767,475,557,False
12,4,108.43109668109668,238,303,False
12,10,101.91327561327562,243,298,False
10,16,95.14126706626706,297,384,False
3,16,94.25522255522256,321,500,False
0,16,92.30595238095238,302,556,False
15,10,90.07545232545232,264,402,False
8,8,77.2238455988456,126,268,True
9,4,74.6917748917749,156,199,False
6,4,72.90413197913198,230,389,False
7,16,69.99180819180819,186,339,False
7,4,68.8736346986347,197,314,False
13,4,65.1157980907981,184,254,False
10,12,63.91881729381729,178,200,False
4,10,60.44920634920635,148,151,False
16,15,58.24309301809302,313,386,False
16,1,57.23490398490399,297,361,False
14,4,55.51236818736819,129,195,False
3,10,54.562834387834386,199,262,False
16,9,52.804806304806306,225,280,False
10,15,50.397835497835494,196,233,False
16,13,48.37511932511932,202,234,False
1,10,48.3217365967366,148,189,False
17,16,47.682728382728385,182,280,False
16,11,47.08066100566101,240,286,False
2,4,47.012909312909315,116,212,False
4,3,46.339285714285715,118,121,False
16,7,45.69087856587856,203,237,False
13,16,45.60762570762571,144,256,False
19,4,45.58436563436563,150,232,False
18,16,43.90307747807748,140,204,False
16,0,43.07995615495616,194,214,False
6,16,42.361435786435784,146,268,False
0,5,41.98639416139416,166,245,False
4,16,41.61360028860029,105,107,False
4,18,40.19209956709957,97,98,False
10,9,39.52955377955378,128,146,False
0,10,38.587534687534685,148,194,False
17,5,36.98817848817849,145,212,False
13,18,36.72280497280497,120,155,False
10,1,35.293586968586965,121,139,False
4,15,34.557575757575755,94,95,False
8,4,33.098556998557,77,158,False
19,16,31.963306138306137,108,198,False
4,11,31.808333333333334,79,79,False
11,16,31.411766011766012,125,177,False
4,5,30.28611111111111,73,74,False
4,1,30.1768981018981,87,89,False
15,12,29.990090465090464,81,94,False
4,12,29.787301587301588,68,68,False
5,10,29.59229659229659,124,158,False
9,10,28.919083694083692,73,84,False
5,0,28.78841436341436,124,150,False
15,1,27.35672938172938,98,122,False
5,3,27.133197358197357,111,144,False
6,10,26.893367743367744,96,138,False
10,3,26.12084582084582,96,107,False
16,14,26.016722166722165,127,147,False
17,10,24.683674658674658,101,136,False
1,15,24.472555222555222,87,104,False
15,16,24.257553557553557,98,133,False
11,10,24.138281163281164,90,121,False
5,18,23.22755577755578,89,106,False
0,3,22.974575424575423,85,111,False
1,12,22.734632034632035,69,78,False
9,16,22.021825396825395,58,63,False
16,19,21.815057165057166,111,133,False
3,5,21.62873237873238,91,116,False
13,10,21.348914973914972,76,103,False
19,5,20.625618825618826,68,100,False
17,3,20.49412531912532,82,99,False
4,9,19.991666666666667,45,45,False
16,17,19.713561438561438,82,92,False
2,16,19.56725774225774,62,116,False
3,1,18.356210456210455,78,93,False
12,15,18.220743145743146,53,67,False
1,16,17.85845820845821,73,103,False
12,1,17.3004329004329,46,54,False
14,16,17.071017871017872,51,77,False
6,3,16.9274642024642,61,93,False
18,5,15.968434343434343,52,66,False
18,10,15.221103896103896,56,72,False
7,5,15.133655233655233,58,66,False
3,9,15.007864357864358,57,69,False
4,0,15.005555555555555,36,37,False
10,18,14.691122766122765,51,56,False
4,8,14.49563492063492,34,36,False
1,3,14.298601398601399,54,63,False
6,0,14.181154956154955,50,81,False
5,7,13.839452214452214,63,74,False
3,0,13.642515817515818,56,68,False
6,5,13.57060717060717,65,82,False
16,6,13.458016983016982,73,78,False
3,18,13.068301143301143,49,58,False
18,14,12.848351648351649,42,53,False
16,2,12.675430125430125,65,72,False
10,11,12.553918303918303,47,55,False
0,1,12.540656565656565,45,54,False
10,5,12.204218004218005,42,45,False
0,6,12.011999111999112,48,73,False
4,17,11.95,29,29,False
7,10,11.857081807081807,47,54,False
18,13,11.683802308802308,44,58,False
14,18,11.634920634920634,33,36,False
16,12,11.448662448662448,48,48,False
19,10,11.365750915750915,45,54,False
9,3,11.12900432900433,29,34,False
7,3,11.128149628149629,47,60,False
15,3,11.014957264957264,42,50,False
6,15,10.857922632922632,46,65,False
11,5,10.75917415917416,39,48,False
3,11,10.691219891219891,39,42,False
0,17,10.646894771894772,36,52,False
4,14,10.49563492063492,26,28,False
17,13,10.353293928293928,38,49,False
16,8,10.33454600954601,52,63,False
17,1,10.193864468864469,52,59,False
10,0,10.115079365079366,30,32,False
13,5,9.573038073038072,41,49,False
0,7,9.452283827283827,37,45,False
17,18,9.274278499278498,37,45,False
5,19,9.234870684870685,44,47,False
3,7,9.011721611721612,35,41,False
14,10,8.96075036075036,25,31,False
4,13,8.875,20,20,False
10,14,8.784931734931735,31,31,False
3,15,8.687612387612388,42,51,False
6,11,8.668614718614718,37,60,False
4,2,8.65952380952381,22,22,False
11,15,8.59509102009102,44,48,False
11,3,8.554401154401154,34,43,False
10,6,8.546536796536797,27,29,False
17,15,8.544191919191919,43,55,False
0,15,8.491938616938617,32,41,False
1,0,8.246353646353647,27,32,False
10,13,7.981746031746032,22,23,False
13,3,7.842049617049617,29,43,False
5,17,7.729700854700854,35,41,False
18,3,7.721067821067821,27,34,False
14,9,7.608730158730158,21,27,False
10,7,7.5134920634920634,23,24,False
9,18,7.5,16,18,False
15,11,7.057958707958708,31,41,False
17,0,6.967288267288267,28,33,False
1,11,6.922483072483073,25,33,False
5,1,6.918900543900544,28,37,False
10,8,6.629761904761905,19,20,False
9,14,6.576190476190476,16,16,False
19,3,6.570704295704296,27,42,False
6,1,6.545249195249195,33,41,False
5,6,6.521642246642247,29,33,False
13,17,6.41541514041514,21,25,False
2,10,6.377763902763903,28,31,False
4,6,6.0,13,13,False
3,17,5.94563492063492,22,27,False
2,3,5.929112554112554,25,33,False
5,13,5.856696081696081,22,25,False
7,18,5.85,17,27,False
19,0,5.836757686757687,23,25,False
9,15,5.832936507936508,17,18,False
5,11,5.782356532356532,22,26,False
15,5,5.703601953601954,20,30,False
3,13,5.627294927294927,21,23,False
2,15,5.57465034965035,20,24,False
5,15,5.4635281385281385,27,31,False
19,15,5.443070818070818,22,32,False
6,7,5.353821178821178,24,33,False
7,0,5.310064935064935,26,31,False
1,5,5.287792762792763,24,28,False
0,18,5.130577755577756,28,29,False
13,9,5.087887112887113,16,18,False
10,17,5.068589743589744,17,18,False
15,8,5.022868797868798,19,26,False
19,18,4.998917748917749,25,31,False
0,19,4.938777888777889,29,33,False
17,19,4.862348762348763,26,33,False
7,1,4.772619047619047,22,26,False
15,18,4.670454545454545,14,19,False
0,11,4.575707625707626,18,19,False
8,10,4.50487012987013,18,26,False
15,9,4.478571428571429,15,20,False
3,12,4.40952380952381,12,12,False
4,7,4.4,10,10,False
9,13,4.366666666666667,10,10,False
14,15,4.288528138528139,13,15,False
18,15,4.199206349206349,16,18,False
18,9,4.198484848484848,15,16,False
15,6,4.110714285714286,12,15,False
9,5,4.027777777777778,12,14,False
9,12,3.9761904761904763,10,10,False
0,9,3.9154761904761903,13,16,False
19,1,3.9127705627705627,20,21,False
11,2,3.85,10,10,False
10,19,3.8206349206349204,14,14,False
15,14,3.748168498168498,15,18,False
3,19,3.725957375957376,17,18,False
15,19,3.676190476190476,13,13,False
11,9,3.5414335664335663,13,18,False
12,9,3.45,8,8,False
1,13,3.444877344877345,14,16,False
11,1,3.40523088023088,16,18,False
3,14,3.401923076923077,12,12,False
13,0,3.3527639027639027,13,16,False
4,19,3.342857142857143,9,9,False
3,2,3.2634421134421134,15,17,False
5,9,3.215079365079365,15,15,False
15,13,3.203088578088578,12,14,False
14,3,3.1607142857142856,7,10,False
13,15,3.1385281385281383,11,11,False
7,6,3.1336080586080586,19,24,False
9,8,3.111111111111111,9,9,False
0,13,3.1027639027639027,16,18,False
12,16,3.0833333333333335,8,8,False
3,6,3.0634421134421133,17,18,False
18,17,2.986111111111111,10,11,False
17,9,2.9114219114219115,12,14,False
18,0,2.8357142857142854,13,13,False
14,12,2.8333333333333335,6,6,False
11,18,2.831818181818182,11,12,False
15,0,2.8057692307692306,11,11,False
7,15,2.78023088023088,13,16,False
1,6,2.775,10,11,False
15,2,2.68015873015873,12,12,False
12,8,2.6595959595959595,9,10,False
1,8,2.616025641025641,10,14,False
2,5,2.5706349206349204,10,10,False
18,1,2.5206349206349206,13,14,False
8,16,2.518686868686869,13,18,False
5,12,2.4166666666666665,7,8,False
11,6,2.391208791208791,14,18,False
2,9,2.38495670995671,11,11,False
11,14,2.339285714285714,7,12,False
19,17,2.2743256743256746,10,14,False
11,0,2.183766233766234,8,8,False
1,18,2.1825868575868577,11,13,False
12,11,2.1666666666666665,6,7,False
13,7,2.125,11,11,False
0,12,2.1,6,6,False
8,12,2.1,5,5,False
3,8,2.0952380952380953,7,7,False
6,9,2.0277777777777777,8,9,False
12,0,2.0166666666666666,6,7,False
6,12,2.003113553113553,7,7,False
7,9,1.9861111111111112,9,9,False
9,7,1.9444444444444444,5,5,False
12,3,1.9166666666666665,5,5,False
6,18,1.8888888888888888,8,9,False
7,13,1.8833333333333333,8,12,False
19,7,1.8741452991452991,8,9,False
11,7,1.8468975468975468,11,13,False
19,11,1.8333333333333333,4,4,False
7,12,1.8,5,6,False
1,17,1.7816849816849816,7,9,False
1,7,1.7685897435897435,6,8,False
7,11,1.755952380952381,7,8,False
13,1,1.7198412698412697,9,13,False
11,12,1.7,4,4,False
12,14,1.6944444444444444,5,5,False
10,2,1.6666666666666665,5,5,False
9,11,1.6666666666666665,5,6,False
1,14,1.6388888888888888,6,6,False
19,13,1.6111111111111112,4,4,False
18,19,1.6011904761904763,6,6,False
1,2,1.6,5,5,False
11,13,1.6,4,4,False
8,3,1.5333333333333332,4,5,False
9,17,1.5333333333333332,4,4,False
1,19,1.5,7,7,False
13,11,1.4928571428571429,5,5,False
18,7,1.4777777777777779,6,6,False
17,11,1.4558302808302808,10,12,False
12,18,1.45,5,5,False
1,9,1.442099567099567,8,8,False
14,13,1.4333333333333333,5,7,False
8,15,1.425036075036075,9,11,False
13,14,1.4222222222222223,6,7,False
12,7,1.3333333333333333,3,3,False
19,9,1.242063492063492,6,6,False
8,11,1.2396825396825397,5,8,False
9,19,1.2,4,5,False
8,1,1.1702741702741704,7,9,False
19,12,1.1666666666666665,3,3,False
17,12,1.0844988344988344,5,5,False
17,6,1.0833333333333333,3,4,False
14,11,1.0595238095238095,4,5,False
13,6,1.0531135531135531,6,6,False
18,12,0.9761904761904762,3,4,False
19,6,0.9554334554334554,7,9,False
2,1,0.9444444444444444,4,4,False
6,14,0.9353535353535354,6,6,False
13,2,0.9345238095238095,4,4,False
9,6,0.9242424242424243,3,4,False
5,2,0.9115440115440115,6,8,False
15,7,0.8916666666666666,4,4,False
11,17,0.875,4,5,False
2,18,0.8532467532467533,5,5,False
18,11,0.85,3,3,False
8,9,0.8166666666666667,4,5,False
14,5,0.8,2,4,False
15,17,0.791880341880342,4,6,False
0,2,0.7666666666666666,3,3,False
12,17,0.75,2,2,False
2,12,0.75,2,2,False
9,1,0.7337662337662338,3,3,False
5,14,0.7142857142857142,4,4,False
12,5,0.7,2,2,False
0,14,0.6666666666666666,2,2,False
17,14,0.6666666666666666,2,2,False
7,19,0.6587662337662338,5,5,False
9,0,0.6583333333333333,3,3,False
6,8,0.6242424242424243,3,3,False
11,19,0.6,2,2,False
13,12,0.5909090909090909,2,2,False
2,8,0.5833333333333334,2,2,False
17,7,0.5773809523809523,4,4,False
12,19,0.5333333333333333,2,2,False
8,6,0.5,1,1,False
19,2,0.5,1,1,False
18,2,0.5,2,2,False
2,6,0.5,1,1,False
14,7,0.5,1,1,False
12,2,0.5,1,1,False
19,14,0.5,2,2,False
6,17,0.45,3,3,False
7,17,0.4444444444444444,2,2,False
2,7,0.375,2,2,False
6,2,0.3666666666666667,2,3,False
2,11,0.3333333333333333,1,1,False
5,8,0.3333333333333333,1,1,False
17,2,0.32900432900432897,3,3,False
14,19,0.30952380952380953,2,3,False
8,19,0.2857142857142857,1,2,False
12,6,0.25,1,1,False
8,18,0.25,1,1,False
14,0,0.25,1,1,False
13,19,0.2361111111111111,2,2,False
6,19,0.16783216783216784,2,2,False
11,8,0.16666666666666666,1,1,False
12,13,0.125,1,1,False
8,14,0.1111111111111111,1,1,False
8,5,0.1111111111111111,1,1,False
8,7,0.1111111111111111,1,1,False
2,14,0.1,1,1,False
9,2,0.09090909090909091,1,1,False
2,0,0.09090909090909091,1,1,False
18,6,0.08333333333333333,1,1,False
19,8,0.07692307692307693,1,1,False
7,2,0.07142857142857142,1,1,False
