interval_label,original_cluster,chunk_cluster,weighted_row_share
2-6,0,0,0.6048158640226627
2-6,0,1,0.012724268177525965
2-6,0,2,0.0007082152974504249
2-6,0,3,0.021624173748819635
2-6,0,4,0.16281869688385267
2-6,0,5,0.032648725212464584
2-6,0,6,0.009395656279508969
2-6,0,7,0.009277620396600565
2-6,0,8,0.0
2-6,0,9,0.0038951841359773365
2-6,0,10,0.0360717658168083
2-6,0,11,0.004650613786591123
2-6,0,12,0.0028328611898016994
2-6,0,13,0.0024079320113314442
2-6,0,14,0.0007082152974504249
2-6,0,15,0.00856940509915014
2-6,0,16,0.0684608120868744
2-6,0,17,0.011284230406043436
2-6,0,18,0.0038715769593956556
2-6,0,19,0.0032341831916902733
2-6,1,0,0.009398148148148149
2-6,1,1,0.5994444444444444
2-6,1,2,0.0020833333333333333
2-6,1,3,0.013796296296296296
2-6,1,4,0.22298611111111113
2-6,1,5,0.004814814814814815
2-6,1,6,0.002986111111111111
2-6,1,7,0.0019444444444444444
2-6,1,8,0.0024768518518518516
2-6,1,9,0.000810185185185185
2-6,1,10,0.05435185185185185
2-6,1,11,0.007037037037037037
2-6,1,12,0.027453703703703702
2-6,1,13,0.003472222222222222
2-6,1,14,0.001736111111111111
2-6,1,15,0.026875000000000003
2-6,1,16,0.014189814814814815
2-6,1,17,0.001435185185185185
2-6,1,18,0.0016666666666666666
2-6,1,19,0.0010416666666666667
2-6,2,0,0.0
2-6,2,1,0.0048449612403100775
2-6,2,2,0.6181201550387597
2-6,2,3,0.020251937984496125
2-6,2,4,0.199031007751938
2-6,2,5,0.012306201550387598
2-6,2,6,0.0029069767441860465
2-6,2,7,0.0014534883720930232
2-6,2,8,0.0029069767441860465
2-6,2,9,0.010368217054263565
2-6,2,10,0.027906976744186046
2-6,2,11,0.001937984496124031
2-6,2,12,0.00436046511627907
2-6,2,13,0.0
2-6,2,14,0.0
2-6,2,15,0.026453488372093024
2-6,2,16,0.06424418604651164
2-6,2,17,0.0
2-6,2,18,0.0029069767441860465
2-6,2,19,0.0
2-6,3,0,0.008247422680412371
2-6,3,1,0.011387066541705718
2-6,3,2,0.002093095907528897
2-6,3,3,0.5909403311465167
2-6,3,4,0.2295376444860981
2-6,3,5,0.011965010934083099
2-6,3,6,0.0014839112777257106
2-6,3,7,0.005420181193377069
2-6,3,8,0.0014058106841611997
2-6,3,9,0.009606373008434864
2-6,3,10,0.03408309903155264
2-6,3,11,0.007778819119025305
2-6,3,12,0.0037488284910965324
2-6,3,13,0.004123711340206185
2-6,3,14,0.0028428616057482037
2-6,3,15,0.004404873477038425
2-6,3,16,0.05590440487347704
2-6,3,17,0.0038894095595126527
2-6,3,18,0.008481724461105905
2-6,3,19,0.0026554201811933766
2-6,4,0,0.004540747644195921
2-6,4,1,0.008522315418867145
2-6,4,2,0.002645749197473336
2-6,4,3,0.013762037899968936
2-6,4,4,0.8663197680439061
2-6,4,5,0.009128093610852232
2-6,4,6,0.0018639328984156572
2-6,4,7,0.0013668841255048154
2-6,4,8,0.004281868074971524
2-6,4,9,0.006171688930309621
2-6,4,10,0.018194056125090608
2-6,4,11,0.009531945738842291
2-6,4,12,0.009122916019467745
2-6,4,13,0.002718235476856167
2-6,4,14,0.0030651340996168588
2-6,4,15,0.010106658382520452
2-6,4,16,0.012125919022470748
2-6,4,17,0.0036605571088329713
2-6,4,18,0.011877394636015328
2-6,4,19,0.0009940975458216839
2-6,5,0,0.022463768115942032
2-6,5,1,0.0048447204968944104
2-6,5,2,0.0
2-6,5,3,0.01991718426501036
2-6,5,4,0.17971014492753626
2-6,5,5,0.6033747412008282
2-6,5,6,0.004865424430641823
2-6,5,7,0.010559006211180126
2-6,5,8,0.0004140786749482402
2-6,5,9,0.0021739130434782613
2-6,5,10,0.02221532091097309
2-6,5,11,0.005320910973084887
2-6,5,12,0.002587991718426501
2-6,5,13,0.005672877846790891
2-6,5,14,0.0004140786749482402
2-6,5,15,0.003933747412008282
2-6,5,16,0.07778467908902692
2-6,5,17,0.006273291925465839
2-6,5,18,0.0205175983436853
2-6,5,19,0.006956521739130435
2-6,6,0,0.025199600798403193
2-6,6,1,0.008682634730538923
2-6,6,2,0.0
2-6,6,3,0.030738522954091813
2-6,6,4,0.13018962075848303
2-6,6,5,0.02000998003992016
2-6,6,6,0.6188622754491018
2-6,6,7,0.008383233532934131
2-6,6,8,0.0015968063872255488
2-6,6,9,0.003992015968063872
2-6,6,10,0.05084830339321358
2-6,6,11,0.011127744510978045
2-6,6,12,0.005339321357285429
2-6,6,13,0.0
2-6,6,14,0.0011976047904191617
2-6,6,15,0.016816367265469062
2-6,6,16,0.06317365269461078
2-6,6,17,0.0005988023952095808
2-6,6,18,0.003243512974051896
2-6,6,19,0.0
2-6,7,0,0.009237536656891495
2-6,7,1,0.008064516129032258
2-6,7,2,0.0
2-6,7,3,0.018426197458455522
2-6,7,4,0.14809384164222875
2-6,7,5,0.032893450635386116
2-6,7,6,0.002737047898338221
2-6,7,7,0.5874877810361682
2-6,7,8,0.0
2-6,7,9,0.0034213098729227757
2-6,7,10,0.02287390029325513
2-6,7,11,0.0034213098729227757
2-6,7,12,0.005278592375366569
2-6,7,13,0.0021994134897360706
2-6,7,14,0.0
2-6,7,15,0.005278592375366569
2-6,7,16,0.13807429130009777
2-6,7,17,0.0009775171065493646
2-6,7,18,0.010948191593352884
2-6,7,19,0.0005865102639296188
2-6,8,0,0.0
2-6,8,1,0.005208333333333334
2-6,8,2,0.0
2-6,8,3,0.014236111111111114
2-6,8,4,0.2270833333333334
2-6,8,5,0.0
2-6,8,6,0.005208333333333334
2-6,8,7,0.0
2-6,8,8,0.6756944444444445
2-6,8,9,0.004687500000000001
2-6,8,10,0.023784722222222224
2-6,8,11,0.007291666666666668
2-6,8,12,0.020833333333333336
2-6,8,13,0.0
2-6,8,14,0.0
2-6,8,15,0.002604166666666667
2-6,8,16,0.010763888888888889
2-6,8,17,0.0
2-6,8,18,0.002604166666666667
2-6,8,19,0.0
2-6,9,0,0.0012578616352201255
2-6,9,1,0.0011792452830188677
2-6,9,2,0.0
2-6,9,3,0.02240566037735849
2-6,9,4,0.16540880503144653
2-6,9,5,0.007665094339622641
2-6,9,6,0.0011792452830188677
2-6,9,7,0.004323899371069181
2-6,9,8,0.006682389937106917
2-6,9,9,0.6105738993710691
2-6,9,10,0.061713836477987415
2-6,9,11,0.0029481132075471696
2-6,9,12,0.008647798742138363
2-6,9,13,0.00990566037735849
2-6,9,14,0.01493710691823899
2-6,9,15,0.012264150943396225
2-6,9,16,0.04654088050314465
2-6,9,17,0.003616352201257861
2-6,9,18,0.016509433962264147
2-6,9,19,0.0022405660377358486
2-6,10,0,0.004636989931107578
2-6,10,1,0.014776541247129482
2-6,10,2,0.000794912559618442
2-6,10,3,0.011058116940469882
2-6,10,4,0.23424306659600777
2-6,10,5,0.005670376258611553
2-6,10,6,0.0037537537537537537
2-6,10,7,0.0035241123476417594
2-6,10,8,0.0032591414944356124
2-6,10,9,0.01670199611376082
2-6,10,10,0.5888535594417947
2-6,10,11,0.004645822292881116
2-6,10,12,0.030295000883236178
2-6,10,13,0.0038950715421303653
2-6,10,14,0.0042218689277512805
2-6,10,15,0.0193075428369546
2-6,10,16,0.0403462285815227
2-6,10,17,0.0022610846140257903
2-6,10,18,0.006235647412118
2-6,10,19,0.001519166225048578
2-6,11,0,0.003451327433628318
2-6,11,1,0.0037758112094395274
2-6,11,2,0.006637168141592919
2-6,11,3,0.010176991150442476
2-6,11,4,0.23026548672566366
2-6,11,5,0.014483775811209437
2-6,11,6,0.001150442477876106
2-6,11,7,0.0009439528023598818
2-6,11,8,0.0
2-6,11,9,0.004129793510324483
2-6,11,10,0.02949852507374631
2-6,11,11,0.6413864306784659
2-6,11,12,0.003008849557522123
2-6,11,13,0.0026548672566371677
2-6,11,14,0.0030973451327433624
2-6,11,15,0.008082595870206488
2-6,11,16,0.03168141592920353
2-6,11,17,0.0005899705014749261
2-6,11,18,0.004100294985250736
2-6,11,19,0.0008849557522123892
2-6,12,0,0.0024787535410764868
2-6,12,1,0.022898961284230405
2-6,12,2,0.0007082152974504249
2-6,12,3,0.0027148253068932948
2-6,12,4,0.14511331444759204
2-6,12,5,0.0009915014164305948
2-6,12,6,0.00035410764872521243
2-6,12,7,0.0018885741265344661
2-6,12,8,0.0028800755429650607
2-6,12,9,0.004886685552407932
2-6,12,10,0.13644948064211518
2-6,12,11,0.0029508970727101028
2-6,12,12,0.6437913125590178
2-6,12,13,0.0
2-6,12,14,0.0022426817752596783
2-6,12,15,0.021883852691218127
2-6,12,16,0.004249291784702549
2-6,12,17,0.0010623229461756373
2-6,12,18,0.0016997167138810194
2-6,12,19,0.0007554296506137864
2-6,13,0,0.006479113384484229
2-6,13,1,0.0008525149190110828
2-6,13,2,0.0017050298380221656
2-6,13,3,0.012404092071611254
2-6,13,4,0.13094629156010232
2-6,13,5,0.014109121909633421
2-6,13,6,0.0012787723785166241
2-6,13,7,0.0034953111679454398
2-6,13,8,0.0
2-6,13,9,0.010869565217391306
2-6,13,10,0.038064791133844846
2-6,13,11,0.0031969309462915605
2-6,13,12,0.0012787723785166241
2-6,13,13,0.6197357203751066
2-6,13,14,0.0026427962489343564
2-6,13,15,0.006393861892583121
2-6,13,16,0.06491901108269396
2-6,13,17,0.01317135549872123
2-6,13,18,0.06845694799658995
2-6,13,19,0.0
2-6,14,0,0.0011627906976744188
2-6,14,1,0.0
2-6,14,2,0.0
2-6,14,3,0.011627906976744188
2-6,14,4,0.21573643410852716
2-6,14,5,0.0023255813953488376
2-6,14,6,0.0
2-6,14,7,0.0023255813953488376
2-6,14,8,0.0
2-6,14,9,0.02922480620155039
2-6,14,10,0.035736434108527136
2-6,14,11,0.0023255813953488376
2-6,14,12,0.013178294573643414
2-6,14,13,0.004806201550387597
2-6,14,14,0.564031007751938
2-6,14,15,0.01666666666666667
2-6,14,16,0.05441860465116279
2-6,14,17,0.0
2-6,14,18,0.046434108527131784
2-6,14,19,0.0
2-6,15,0,0.0034555712270803946
2-6,15,1,0.028185237423601312
2-6,15,2,0.002632816173013634
2-6,15,3,0.011518570756934647
2-6,15,4,0.1728255759285378
2-6,15,5,0.0049365303244005634
2-6,15,6,0.0048660084626234125
2-6,15,7,0.0009402914903620121
2-6,15,8,0.005124588622472966
2-6,15,9,0.004489891866478608
2-6,15,10,0.09090267983074753
2-6,15,11,0.005618241654913023
2-6,15,12,0.03787023977433004
2-6,15,13,0.003291020216267042
2-6,15,14,0.004113775270333803
2-6,15,15,0.5882698636577338
2-6,15,16,0.02028678890456041
2-6,15,17,0.0006346967559943582
2-6,15,18,0.005289139633286318
2-6,15,19,0.004748472026328161
2-6,16,0,0.008297362110311752
2-6,16,1,0.007611510791366907
2-6,16,2,0.002091127098321343
2-6,16,3,0.030652278177458036
2-6,16,4,0.3721199040767386
2-6,16,5,0.022235011990407675
2-6,16,6,0.0021103117505995206
2-6,16,7,0.00879136690647482
2-6,16,8,0.0016115107913669065
2-6,16,9,0.009280575539568346
2-6,16,10,0.04920383693045564
2-6,16,11,0.007280575539568347
2-6,16,12,0.0024604316546762597
2-6,16,13,0.009400479616306955
2-6,16,14,0.0041438848920863315
2-6,16,15,0.006964028776978418
2-6,16,16,0.42548201438848926
2-6,16,17,0.003932853717026379
2-6,16,18,0.022997601918465234
2-6,16,19,0.003333333333333334
2-6,17,0,0.008909657320872275
2-6,17,1,0.00925233644859813
2-6,17,2,0.0
2-6,17,3,0.024766355140186914
2-6,17,4,0.17766355140186915
2-6,17,5,0.03769470404984424
2-6,17,6,0.001869158878504673
2-6,17,7,0.0
2-6,17,8,0.0
2-6,17,9,0.003925233644859813
2-6,17,10,0.02467289719626168
2-6,17,11,0.00046728971962616824
2-6,17,12,0.0014018691588785046
2-6,17,13,0.01336448598130841
2-6,17,14,0.0009345794392523365
2-6,17,15,0.006791277258566978
2-6,17,16,0.04691588785046729
2-6,17,17,0.6271028037383177
2-6,17,18,0.010778816199376947
2-6,17,19,0.003489096573208723
2-6,18,0,0.004532476802284083
2-6,18,1,0.004139900071377587
2-6,18,2,0.000713775874375446
2-6,18,3,0.01302640970735189
2-6,18,4,0.1973947180585296
2-6,18,5,0.02519628836545324
2-6,18,6,0.0
2-6,18,7,0.0025695931477516054
2-6,18,8,0.0
2-6,18,9,0.007922912205567451
2-6,18,10,0.022876516773733046
2-6,18,11,0.0016059957173447535
2-6,18,12,0.001070663811563169
2-6,18,13,0.015738758029978584
2-6,18,14,0.020628122769450388
2-6,18,15,0.00588865096359743
2-6,18,16,0.06655960028551033
2-6,18,17,0.00481798715203426
2-6,18,18,0.6024625267665953
2-6,18,19,0.002855103497501784
2-6,19,0,0.01710362047440699
2-6,19,1,0.00873907615480649
2-6,19,2,0.0018726591760299626
2-6,19,3,0.011797752808988763
2-6,19,4,0.10805243445692883
2-6,19,5,0.05062421972534332
2-6,19,6,0.0012484394506866417
2-6,19,7,0.0054307116104868915
2-6,19,8,0.0
2-6,19,9,0.0028089887640449437
2-6,19,10,0.028901373283395756
2-6,19,11,0.006866416978776529
2-6,19,12,0.004369538077403245
2-6,19,13,0.0056179775280898875
2-6,19,14,0.0012484394506866417
2-6,19,15,0.011235955056179775
2-6,19,16,0.06092384519350811
2-6,19,17,0.004619225967540575
2-6,19,18,0.008551810237203495
2-6,19,19,0.6599875156054932
6-10,0,0,0.47767857142857145
6-10,0,1,0.01597683647102252
6-10,0,2,0.0009689922480620156
6-10,0,3,0.029831118493909195
6-10,0,4,0.14194582871908454
6-10,0,5,0.060342838685861946
6-10,0,6,0.019079918789221117
6-10,0,7,0.007832687338501293
6-10,0,8,0.0
6-10,0,9,0.004325858250276856
6-10,0,10,0.04771133259505353
6-10,0,11,0.005675526024363235
6-10,0,12,0.0
6-10,0,13,0.005191029900332226
6-10,0,14,0.0009689922480620156
6-10,0,15,0.005248708010335917
6-10,0,16,0.15071290143964566
6-10,0,17,0.007232834994462903
6-10,0,18,0.009032392026578073
6-10,0,19,0.010243632336655593
6-10,1,0,0.008928571428571428
6-10,1,1,0.3989285714285714
6-10,1,2,0.0
6-10,1,3,0.03583333333333333
6-10,1,4,0.3269642857142857
6-10,1,5,0.008551587301587301
6-10,1,6,0.00625
6-10,1,7,0.00125
6-10,1,8,0.00125
6-10,1,9,0.007678571428571428
6-10,1,10,0.06494047619047619
6-10,1,11,0.009325396825396825
6-10,1,12,0.025238095238095237
6-10,1,13,0.005277777777777778
6-10,1,14,0.0038888888888888883
6-10,1,15,0.03317460317460317
6-10,1,16,0.044404761904761905
6-10,1,17,0.005714285714285714
6-10,1,18,0.00490079365079365
6-10,1,19,0.0075
6-10,2,0,0.0
6-10,2,1,0.0037037037037037034
6-10,2,2,0.5285714285714286
6-10,2,3,0.048214285714285716
6-10,2,4,0.2378306878306878
6-10,2,5,0.008465608465608464
6-10,2,6,0.0
6-10,2,7,0.004166666666666667
6-10,2,8,0.0
6-10,2,9,0.008928571428571428
6-10,2,10,0.015277777777777777
6-10,2,11,0.0
6-10,2,12,0.0
6-10,2,13,0.0
6-10,2,14,0.0
6-10,2,15,0.00972222222222222
6-10,2,16,0.13511904761904764
6-10,2,17,0.0
6-10,2,18,0.0
6-10,2,19,0.0
6-10,3,0,0.01243078626799557
6-10,3,1,0.019545957918050944
6-10,3,2,0.0028423772609819124
6-10,3,3,0.4876799557032115
6-10,3,4,0.22554448135843483
6-10,3,5,0.025286083425618305
6-10,3,6,0.003617571059431525
6-10,3,7,0.01184939091915836
6-10,3,8,0.002768549280177187
6-10,3,9,0.013750461424880029
6-10,3,10,0.05657991878922111
6-10,3,11,0.009228497600590623
6-10,3,12,0.0014396456256921375
6-10,3,13,0.0031746031746031746
6-10,3,14,0.0013565891472868215
6-10,3,15,0.013621262458471759
6-10,3,16,0.09056847545219637
6-10,3,17,0.005638612033960871
6-10,3,18,0.012412329272794387
6-10,3,19,0.0006644518272425248
6-10,4,0,0.003352490421455939
6-10,4,1,0.018626847290640396
6-10,4,2,0.0012315270935960591
6-10,4,3,0.015240147783251232
6-10,4,4,0.8632320744389711
6-10,4,5,0.007782567049808429
6-10,4,6,0.0
6-10,4,7,0.0
6-10,4,8,0.004909003831417625
6-10,4,9,0.001077586206896552
6-10,4,10,0.012452107279693488
6-10,4,11,0.009082512315270937
6-10,4,12,0.0036261631089217297
6-10,4,13,0.001077586206896552
6-10,4,14,0.005422140120415983
6-10,4,15,0.015086206896551727
6-10,4,16,0.01989258347016968
6-10,4,17,0.0014367816091954025
6-10,4,18,0.015240147783251232
6-10,4,19,0.0012315270935960591
6-10,5,0,0.03590184000631762
6-10,5,1,0.012151543867961778
6-10,5,2,0.0020927110479349283
6-10,5,3,0.037955065940140566
6-10,5,4,0.15656834873252784
6-10,5,5,0.4483929558556424
6-10,5,6,0.00792663665797994
6-10,5,7,0.013118929163705283
6-10,5,8,0.0
6-10,5,9,0.006376845929084734
6-10,5,10,0.04041301429361131
6-10,5,11,0.0044618178946537156
6-10,5,12,0.0008291873963515754
6-10,5,13,0.003681986890942115
6-10,5,14,0.0015399194503672117
6-10,5,15,0.004827055200189528
6-10,5,16,0.1822336729053147
6-10,5,17,0.007689725973308062
6-10,5,18,0.020433546552949537
6-10,5,19,0.013405196241017135
6-10,6,0,0.02067222900556234
6-10,6,1,0.021028354361687693
6-10,6,2,0.0014245014245014244
6-10,6,3,0.03128815628815629
6-10,6,4,0.16729412562745893
6-10,6,5,0.04341337674671008
6-10,6,6,0.48409306742640074
6-10,6,7,0.01521164021164021
6-10,6,8,0.0
6-10,6,9,0.005223171889838556
6-10,6,10,0.05786189119522453
6-10,6,11,0.020960520960520958
6-10,6,12,0.001221001221001221
6-10,6,13,0.0
6-10,6,14,0.0037986704653371318
6-10,6,15,0.03274657441324108
6-10,6,16,0.08545312711979378
6-10,6,17,0.0014245014245014244
6-10,6,18,0.006885090218423552
6-10,6,19,0.0
6-10,7,0,0.01284843205574913
6-10,7,1,0.02141405342624855
6-10,7,2,0.0
6-10,7,3,0.040456833139759965
6-10,7,4,0.14234901277584205
6-10,7,5,0.029374758033294618
6-10,7,6,0.017639372822299652
6-10,7,7,0.46426151761517614
6-10,7,8,0.0
6-10,7,9,0.009993224932249321
6-10,7,10,0.03735965931087882
6-10,7,11,0.006315331010452961
6-10,7,12,0.0
6-10,7,13,0.01016260162601626
6-10,7,14,0.0
6-10,7,15,0.0064847077042198996
6-10,7,16,0.1763937282229965
6-10,7,17,0.0013550135501355014
6-10,7,18,0.02032520325203252
6-10,7,19,0.0032665505226480837
6-10,8,0,0.0
6-10,8,1,0.010582010582010583
6-10,8,2,0.0
6-10,8,3,0.007936507936507938
6-10,8,4,0.35336356764928195
6-10,8,5,0.005291005291005292
6-10,8,6,0.0
6-10,8,7,0.005291005291005292
6-10,8,8,0.4439720332577476
6-10,8,9,0.007936507936507938
6-10,8,10,0.06150793650793651
6-10,8,11,0.012093726379440667
6-10,8,12,0.0
6-10,8,13,0.0
6-10,8,14,0.005291005291005292
6-10,8,15,0.0400604686318972
6-10,8,16,0.033068783068783074
6-10,8,17,0.0
6-10,8,18,0.0
6-10,8,19,0.01360544217687075
6-10,9,0,0.005434782608695652
6-10,9,1,0.006211180124223602
6-10,9,2,0.0
6-10,9,3,0.053830227743271224
6-10,9,4,0.15372670807453415
6-10,9,5,0.030193236714975844
6-10,9,6,0.014492753623188404
6-10,9,7,0.004830917874396135
6-10,9,8,0.012077294685990338
6-10,9,9,0.4220151828847481
6-10,9,10,0.10774672187715666
6-10,9,11,0.018115942028985504
6-10,9,12,0.013457556935817806
6-10,9,13,0.007246376811594202
6-10,9,14,0.006211180124223602
6-10,9,15,0.027518978605935128
6-10,9,16,0.09152864044168392
6-10,9,17,0.0
6-10,9,18,0.014492753623188404
6-10,9,19,0.010869565217391304
6-10,10,0,0.0067245288920165765
6-10,10,1,0.028080772538900615
6-10,10,2,0.0008210180623973727
6-10,10,3,0.01776917663617171
6-10,10,4,0.2487293768081945
6-10,10,5,0.0025998905309250137
6-10,10,6,0.00510204081632653
6-10,10,7,0.002775822972867308
6-10,10,8,0.0006157635467980296
6-10,10,9,0.030436312456016888
6-10,10,10,0.4917702713269216
6-10,10,11,0.012686683868949878
6-10,10,12,0.02522675736961451
6-10,10,13,0.001915708812260536
6-10,10,14,0.0027562749237626085
6-10,10,15,0.04304480412854797
6-10,10,16,0.060726014543748534
6-10,10,17,0.003078817733990148
6-10,10,18,0.01142583470169677
6-10,10,19,0.0037141293298928765
6-10,11,0,0.0014285714285714286
6-10,11,1,0.008234126984126984
6-10,11,2,0.0
6-10,11,3,0.015873015873015872
6-10,11,4,0.2768452380952381
6-10,11,5,0.010357142857142856
6-10,11,6,0.01130952380952381
6-10,11,7,0.00865079365079365
6-10,11,8,0.0016666666666666666
6-10,11,9,0.0029166666666666664
6-10,11,10,0.03609126984126984
6-10,11,11,0.5127182539682539
6-10,11,12,0.0
6-10,11,13,0.0
6-10,11,14,0.00125
6-10,11,15,0.024186507936507937
6-10,11,16,0.08222222222222221
6-10,11,17,0.004583333333333333
6-10,11,18,0.0016666666666666666
6-10,11,19,0.0
6-10,12,0,0.0
6-10,12,1,0.020089285714285716
6-10,12,2,0.0
6-10,12,3,0.0
6-10,12,4,0.11929563492063493
6-10,12,5,0.0
6-10,12,6,0.0
6-10,12,7,0.0
6-10,12,8,0.01388888888888889
6-10,12,9,0.0
6-10,12,10,0.12772817460317462
6-10,12,11,0.0
6-10,12,12,0.652529761904762
6-10,12,13,0.003906250000000001
6-10,12,14,0.0034722222222222225
6-10,12,15,0.05127728174603175
6-10,12,16,0.0
6-10,12,17,0.0
6-10,12,18,0.007812500000000002
6-10,12,19,0.0
6-10,13,0,0.004072681704260651
6-10,13,1,0.013575605680868838
6-10,13,2,0.0035244360902255637
6-10,13,3,0.014802631578947368
6-10,13,4,0.11651524644945696
6-10,13,5,0.036131996658312446
6-10,13,6,0.005169172932330827
6-10,13,7,0.0038377192982456134
6-10,13,8,0.0
6-10,13,9,0.0035244360902255637
6-10,13,10,0.051352339181286545
6-10,13,11,0.0018796992481203006
6-10,13,12,0.0
6-10,13,13,0.44642857142857145
6-10,13,14,0.005116959064327485
6-10,13,15,0.006265664160401002
6-10,13,16,0.17528195488721804
6-10,13,17,0.015638053467000836
6-10,13,18,0.09377610693400167
6-10,13,19,0.0031067251461988302
6-10,14,0,0.0
6-10,14,1,0.0
6-10,14,2,0.0
6-10,14,3,0.027529761904761904
6-10,14,4,0.26628637566137564
6-10,14,5,0.0
6-10,14,6,0.0
6-10,14,7,0.0
6-10,14,8,0.0
6-10,14,9,0.0462962962962963
6-10,14,10,0.04348544973544973
6-10,14,11,0.01984126984126984
6-10,14,12,0.0
6-10,14,13,0.0
6-10,14,14,0.37202380952380953
6-10,14,15,0.005952380952380952
6-10,14,16,0.14699074074074073
6-10,14,17,0.0
6-10,14,18,0.06464947089947089
6-10,14,19,0.006944444444444444
6-10,15,0,0.000925925925925926
6-10,15,1,0.03793356848912405
6-10,15,2,0.006025867136978248
6-10,15,3,0.014579659024103468
6-10,15,4,0.24266607877718988
6-10,15,5,0.011845972957084068
6-10,15,6,0.004894179894179894
6-10,15,7,0.000925925925925926
6-10,15,8,0.003042328042328042
6-10,15,9,0.008112874779541446
6-10,15,10,0.13303938859494413
6-10,15,11,0.013932980599647267
6-10,15,12,0.019121105232216346
6-10,15,13,0.004012345679012345
6-10,15,14,0.0033509700176366838
6-10,15,15,0.4428130511463845
6-10,15,16,0.04688418577307466
6-10,15,17,0.0008230452674897119
6-10,15,18,0.002777777777777778
6-10,15,19,0.002292768959435626
6-10,16,0,0.007202775625017939
6-10,16,1,0.017720801400729066
6-10,16,2,0.003060506903183214
6-10,16,3,0.03251743735468871
6-10,16,4,0.3809541749189127
6-10,16,5,0.026556086569648953
6-10,16,6,0.0032022302591922843
6-10,16,7,0.007622563793449869
6-10,16,8,0.002366241855391946
6-10,16,9,0.012407072533654811
6-10,16,10,0.06121013806366428
6-10,16,11,0.012329931972789115
6-10,16,12,0.0017293837366170095
6-10,16,13,0.009274806969201183
6-10,16,14,0.0070969315996440765
6-10,16,15,0.01955961709578346
6-10,16,16,0.36825827377364445
6-10,16,17,0.0030945922672866613
6-10,16,18,0.019247466919257154
6-10,16,19,0.004588966388243061
6-10,17,0,0.007545850810099514
6-10,17,1,0.01890574882802862
6-10,17,2,0.0008635578583765112
6-10,17,3,0.030604901718891356
6-10,17,4,0.18364997121473806
6-10,17,5,0.05699481865284974
6-10,17,6,0.0
6-10,17,7,0.0029916111522329137
6-10,17,8,0.0
6-10,17,9,0.0008635578583765112
6-10,17,10,0.04394892672094745
6-10,17,11,0.0035261945883707543
6-10,17,12,0.0008635578583765112
6-10,17,13,0.011771116045727444
6-10,17,14,0.0008635578583765112
6-10,17,15,0.015801052718151163
6-10,17,16,0.07776132905666584
6-10,17,17,0.519553417221811
6-10,17,18,0.01407393700139814
6-10,17,19,0.009416892836581956
6-10,18,0,0.005238095238095238
6-10,18,1,0.004814814814814814
6-10,18,2,0.0022222222222222222
6-10,18,3,0.013068783068783068
6-10,18,4,0.2355820105820106
6-10,18,5,0.03812169312169312
6-10,18,6,0.0
6-10,18,7,0.003703703703703704
6-10,18,8,0.0
6-10,18,9,0.0022222222222222222
6-10,18,10,0.04722222222222222
6-10,18,11,0.0
6-10,18,12,0.006349206349206349
6-10,18,13,0.04478835978835979
6-10,18,14,0.03015873015873016
6-10,18,15,0.014814814814814815
6-10,18,16,0.12346560846560846
6-10,18,17,0.009814814814814814
6-10,18,18,0.41484126984126984
6-10,18,19,0.0035714285714285713
6-10,19,0,0.010725010725010725
6-10,19,1,0.013352638352638353
6-10,19,2,0.0
6-10,19,3,0.026946589446589446
6-10,19,4,0.14832689832689833
6-10,19,5,0.0605963105963106
6-10,19,6,0.0015015015015015015
6-10,19,7,0.004692192192192192
6-10,19,8,0.0
6-10,19,9,0.005684255684255683
6-10,19,10,0.037805662805662804
6-10,19,11,0.0
6-10,19,12,0.0
6-10,19,13,0.0015015015015015015
6-10,19,14,0.0022522522522522522
6-10,19,15,0.02313921063921064
6-10,19,16,0.1321053196053196
6-10,19,17,0.004182754182754183
6-10,19,18,0.023166023166023165
6-10,19,19,0.504021879021879
10+,0,0,0.46626574015954547
10+,0,1,0.007162012029268666
10+,0,2,0.0008849557522123895
10+,0,3,0.022804923689879443
10+,0,4,0.1379797193956486
10+,0,5,0.07572943280907883
10+,0,6,0.01855681191964378
10+,0,7,0.013761607124438982
10+,0,8,0.0
10+,0,9,0.003729456384323641
10+,0,10,0.043491316942644374
10+,0,11,0.002798086868883329
10+,0,12,0.0008849557522123895
10+,0,13,0.00451244920271469
10+,0,14,0.0
10+,0,15,0.013620892381954328
10+,0,16,0.1597345132743363
10+,0,17,0.012709561824606072
10+,0,18,0.007466132687371625
10+,0,19,0.007907431801237111
10+,1,0,0.01304066304066304
10+,1,1,0.365987345987346
10+,1,2,0.0022222222222222222
10+,1,3,0.017376327376327376
10+,1,4,0.3310870610870611
10+,1,5,0.021465941465941465
10+,1,6,0.0
10+,1,7,0.005413105413105413
10+,1,8,0.015726495726495728
10+,1,9,0.00202020202020202
10+,1,10,0.05987456987456987
10+,1,11,0.020517260517260518
10+,1,12,0.009870129870129871
10+,1,13,0.009268879268879269
10+,1,14,0.0
10+,1,15,0.04011322011322012
10+,1,16,0.07114034114034114
10+,1,17,0.003931623931623932
10+,1,18,0.010944610944610944
10+,1,19,0.0
10+,2,0,0.0033670033670033673
10+,2,1,0.0
10+,2,2,0.47698659365326035
10+,2,3,0.03701298701298701
10+,2,4,0.20906130906130904
10+,2,5,0.007407407407407408
10+,2,6,0.0
10+,2,7,0.0
10+,2,8,0.0030864197530864196
10+,2,9,0.012361712361712362
10+,2,10,0.04146039146039146
10+,2,11,0.0
10+,2,12,0.0
10+,2,13,0.0
10+,2,14,0.003703703703703704
10+,2,15,0.02714754381421048
10+,2,16,0.1653217153217153
10+,2,17,0.0
10+,2,18,0.013083213083213084
10+,2,19,0.0
10+,3,0,0.0192026262822723
10+,3,1,0.017733004458668176
10+,3,2,0.003707943973430699
10+,3,3,0.47609381768673803
10+,3,4,0.1943668425969311
10+,3,5,0.030314670580157306
10+,3,6,0.0062153186046991354
10+,3,7,0.006024506466984343
10+,3,8,0.0
10+,3,9,0.015942611960311076
10+,3,10,0.05337597505739099
10+,3,11,0.0036025920981673197
10+,3,12,0.0008849557522123895
10+,3,13,0.00482084287394022
10+,3,14,0.0006807351940095304
10+,3,15,0.009372043885318222
10+,3,16,0.1339203569292065
10+,3,17,0.005162241887905605
10+,3,18,0.011943808403985394
10+,3,19,0.0066351053076716794
10+,4,0,0.0
10+,4,1,0.02914252414252414
10+,4,2,0.0
10+,4,3,0.013571428571428573
10+,4,4,0.8877730602730602
10+,4,5,0.0
10+,4,6,0.0
10+,4,7,0.0
10+,4,8,0.007142857142857143
10+,4,9,0.0
10+,4,10,0.021904761904761906
10+,4,11,0.0035714285714285713
10+,4,12,0.0
10+,4,13,0.0
10+,4,14,0.0
10+,4,15,0.013712121212121212
10+,4,16,0.013636363636363636
10+,4,17,0.0
10+,4,18,0.009545454545454546
10+,4,19,0.0
10+,5,0,0.03711501264692755
10+,5,1,0.006132342834470494
10+,5,2,0.005222437137330756
10+,5,3,0.036924423094635866
10+,5,4,0.1461733302158834
10+,5,5,0.4114438752736626
10+,5,6,0.01076299586937885
10+,5,7,0.028750504814334606
10+,5,8,0.0
10+,5,9,0.0019503546099290784
10+,5,10,0.03814837644624879
10+,5,11,0.006406359597848962
10+,5,12,0.001773049645390071
10+,5,13,0.0058505324462771275
10+,5,14,0.0007598784194528876
10+,5,15,0.01411301464492954
10+,5,16,0.1987050183858695
10+,5,17,0.012064531213467386
10+,5,18,0.02769942823134313
10+,5,19,0.010004534472619581
10+,6,0,0.049203492585845526
10+,6,1,0.017425466690172572
10+,6,2,0.0029411764705882353
10+,6,3,0.04411887132475368
10+,6,4,0.1448144992262639
10+,6,5,0.026586893498658202
10+,6,6,0.4254921549039196
10+,6,7,0.011383224618518735
10+,6,8,0.0013368983957219253
10+,6,9,0.0012254901960784314
10+,6,10,0.04617931088519324
10+,6,11,0.03675833969951617
10+,6,12,0.0011312217194570137
10+,6,13,0.0
10+,6,14,0.0013368983957219253
10+,6,15,0.02073392293980529
10+,6,16,0.16563852813852814
10+,6,17,0.0012254901960784314
10+,6,18,0.0
10+,6,19,0.0024681201151789387
10+,7,0,0.024054206662902314
10+,7,1,0.005797101449275362
10+,7,2,0.0015527950310559005
10+,7,3,0.03320339081208646
10+,7,4,0.14567425328294895
10+,7,5,0.032788226266487135
10+,7,6,0.016387959866220735
10+,7,7,0.5036159492681233
10+,7,8,0.0
10+,7,9,0.0
10+,7,10,0.021599777034559644
10+,7,11,0.0015527950310559005
10+,7,12,0.0
10+,7,13,0.006521739130434784
10+,7,14,0.0
10+,7,15,0.009749670619235836
10+,7,16,0.18356932922150312
10+,7,17,0.0
10+,7,18,0.009782608695652175
10+,7,19,0.004150197628458498
10+,8,0,0.0
10+,8,1,0.044805194805194806
10+,8,2,0.0
10+,8,3,0.0
10+,8,4,0.3877922077922078
10+,8,5,0.0
10+,8,6,0.0
10+,8,7,0.0
10+,8,8,0.3033766233766234
10+,8,9,0.02
10+,8,10,0.09298701298701298
10+,8,11,0.02857142857142857
10+,8,12,0.01
10+,8,13,0.0
10+,8,14,0.0
10+,8,15,0.03337662337662338
10+,8,16,0.07909090909090909
10+,8,17,0.0
10+,8,18,0.0
10+,8,19,0.0
10+,9,0,0.0
10+,9,1,0.02272727272727273
10+,9,2,0.02272727272727273
10+,9,3,0.09772727272727275
10+,9,4,0.25568181818181823
10+,9,5,0.020833333333333336
10+,9,6,0.02272727272727273
10+,9,7,0.0
10+,9,8,0.0
10+,9,9,0.3765151515151516
10+,9,10,0.06856060606060607
10+,9,11,0.0
10+,9,12,0.0
10+,9,13,0.0
10+,9,14,0.025000000000000005
10+,9,15,0.0
10+,9,16,0.045833333333333344
10+,9,17,0.0
10+,9,18,0.04166666666666667
10+,9,19,0.0
10+,10,0,0.0
10+,10,1,0.020600684456106143
10+,10,2,0.0
10+,10,3,0.01984381080766623
10+,10,4,0.27128012549699293
10+,10,5,0.01176434007759309
10+,10,6,0.005150472017941898
10+,10,7,0.0036144578313253017
10+,10,8,0.004274239816408491
10+,10,9,0.022100188967658845
10+,10,10,0.445787746390156
10+,10,11,0.014600660383792914
10+,10,12,0.019652034712275678
10+,10,13,0.002925989672977625
10+,10,14,0.0031173645631476956
10+,10,15,0.06296875814948104
10+,10,16,0.08048858771750339
10+,10,17,0.0021316033364226134
10+,10,18,0.007289297048333193
10+,10,19,0.0024096385542168677
10+,11,0,0.001398601398601399
10+,11,1,0.0068997668997669015
10+,11,2,0.001538461538461539
10+,11,3,0.018724608724608727
10+,11,4,0.20197674120751047
10+,11,5,0.023694254463485238
10+,11,6,0.00938856015779093
10+,11,7,0.0068997668997669015
10+,11,8,0.0
10+,11,9,0.014098977945131794
10+,11,10,0.05942288480750021
10+,11,11,0.5329508952585877
10+,11,12,0.0
10+,11,13,0.001538461538461539
10+,11,14,0.0071428571428571435
10+,11,15,0.024765747073439388
10+,11,16,0.08137759676221216
10+,11,17,0.0012820512820512823
10+,11,18,0.005361305361305363
10+,11,19,0.001538461538461539
10+,12,0,0.02222222222222222
10+,12,1,0.04090909090909091
10+,12,2,0.0
10+,12,3,0.0
10+,12,4,0.18030303030303027
10+,12,5,0.0
10+,12,6,0.0
10+,12,7,0.0
10+,12,8,0.01515151515151515
10+,12,9,0.0
10+,12,10,0.12438672438672438
10+,12,11,0.006944444444444443
10+,12,12,0.508982683982684
10+,12,13,0.0
10+,12,14,0.0
10+,12,15,0.09415584415584415
10+,12,16,0.006944444444444443
10+,12,17,0.0
10+,12,18,0.0
10+,12,19,0.0
10+,13,0,0.013074532305301534
10+,13,1,0.009096459096459095
10+,13,2,0.0
10+,13,3,0.04787306710383633
10+,13,4,0.12975998360613744
10+,13,5,0.03359845282922205
10+,13,6,0.004109138724523339
10+,13,7,0.011965811965811963
10+,13,8,0.0
10+,13,9,0.014616153077691537
10+,13,10,0.0657129195590734
10+,13,11,0.0025641025641025637
10+,13,12,0.0023310023310023306
10+,13,13,0.4096245634707173
10+,13,14,0.0
10+,13,15,0.004162504162504162
10+,13,16,0.1769965077657385
10+,13,17,0.001972386587771203
10+,13,18,0.07254241485010714
10+,13,19,0.0
10+,14,0,0.0
10+,14,1,0.0
10+,14,2,0.0
10+,14,3,0.0
10+,14,4,0.24892380346925805
10+,14,5,0.027272727272727282
10+,14,6,0.0
10+,14,7,0.0
10+,14,8,0.0
10+,14,9,0.019480519480519484
10+,14,10,0.021251475796930347
10+,14,11,0.007575757575757577
10+,14,12,0.0
10+,14,13,0.03636363636363637
10+,14,14,0.3983652710925439
10+,14,15,0.05112160566706022
10+,14,16,0.16756728120364486
10+,14,17,0.0
10+,14,18,0.009090909090909092
10+,14,19,0.012987012987012988
10+,15,0,0.003663003663003663
10+,15,1,0.03575181432324289
10+,15,2,0.0
10+,15,3,0.013968835397406823
10+,15,4,0.23756851613994467
10+,15,5,0.00959358102215245
10+,15,6,0.0
10+,15,7,0.0015873015873015873
10+,15,8,0.015536844108272678
10+,15,9,0.0031746031746031746
10+,15,10,0.12166880738309309
10+,15,11,0.018947190375761803
10+,15,12,0.008868908868908868
10+,15,13,0.005207755207755208
10+,15,14,0.006017791732077445
10+,15,15,0.44985649271363554
10+,15,16,0.05626754198182769
10+,15,17,0.003663003663003663
10+,15,18,0.008658008658008656
10+,15,19,0.0
10+,16,0,0.009859266845138116
10+,16,1,0.017559964891205076
10+,16,2,0.003177147290177117
10+,16,3,0.03922641983866473
10+,16,4,0.38274545966853657
10+,16,5,0.03130906247075792
10+,16,6,0.004054971715882234
10+,16,7,0.010534259042893264
10+,16,8,0.0033241483790934336
10+,16,9,0.01072619165240829
10+,16,10,0.05498402696204893
10+,16,11,0.012784546693494886
10+,16,12,0.0015478242322826308
10+,16,13,0.008556540267686263
10+,16,14,0.005914467531422005
10+,16,15,0.01948219232363659
10+,16,16,0.3500355740544123
10+,16,17,0.004119742110322957
10+,16,18,0.021963489153442057
10+,16,19,0.008094704876494514
10+,17,0,0.007156465329542252
10+,17,1,0.015337066779374471
10+,17,2,0.0015609390609390608
10+,17,3,0.012859416224800838
10+,17,4,0.18101081610696992
10+,17,5,0.05597607520684443
10+,17,6,0.0008012820512820511
10+,17,7,0.0
10+,17,8,0.0
10+,17,9,0.0061995696611081225
10+,17,10,0.02886088270703655
10+,17,11,0.005050718512256973
10+,17,12,0.001613770844540075
10+,17,13,0.008956428187197416
10+,17,14,0.0
10+,17,15,0.017896686646686644
10+,17,16,0.07283453725761417
10+,17,17,0.5649472322549245
10+,17,18,0.007609057609057608
10+,17,19,0.01132905555982479
10+,18,0,0.012081128747795414
10+,18,1,0.00837742504409171
10+,18,2,0.0
10+,18,3,0.024354657687991024
10+,18,4,0.26761633428300097
10+,18,5,0.04972743306076639
10+,18,6,0.0030864197530864196
10+,18,7,0.0
10+,18,8,0.0
10+,18,9,0.012289562289562288
10+,18,10,0.036892736892736894
10+,18,11,0.003703703703703704
10+,18,12,0.0
10+,18,13,0.0360990860990861
10+,18,14,0.035300501967168635
10+,18,15,0.01252204585537919
10+,18,16,0.1318453151786485
10+,18,17,0.0
10+,18,18,0.36610364943698276
10+,18,19,0.0
10+,19,0,0.010828186964550601
10+,19,1,0.013439590712317984
10+,19,2,0.0
10+,19,3,0.03242401537856083
10+,19,4,0.1308676172312536
10+,19,5,0.059655117609663064
10+,19,6,0.011613386613386612
10+,19,7,0.0017482517482517483
10+,19,8,0.0017482517482517483
10+,19,9,0.0016233766233766233
10+,19,10,0.01935148185148185
10+,19,11,0.0
10+,19,12,0.0
10+,19,13,0.0
10+,19,14,0.0
10+,19,15,0.016608391608391608
10+,19,16,0.13456467774649594
10+,19,17,0.01662428480610299
10+,19,18,0.022756788665879577
10+,19,19,0.5261465806920352
