basepk,topic,procedural_score,error
3909579,referendum legislation and constitutional question,0.25,
3909581,referendum spending limits and legal challenges,0.25,
3909646,softwood lumber dispute settlement,0.25,
3909658,Unemployment Insurance Act funding,0.25,
3909667,Canada Employment Centre training funding,0.25,
3909701,US export enhancement program impact on grain producers,0.0,
3909725,national referendum and constitutional reform,0.25,
3909748,referendums and majority rule,0.25,
3909752,referendum spending limits and the Charter,0.25,
3909805,BC physicians' earnings and pensions,0.0,
3909813,Canada-U.S. free trade agreement,0.0,
3909826,Westray coal mine loan guarantees,0.0,
3909835,project completion timelines,0.0,
3909839,coal mine safety regulations and loan guarantees,0.25,
3909866,disposable income and provincial budgets,0.25,
3909870,government's agenda uncertainty,0.5,
3909897,unanimous consent procedures,0.75,
3909908,Proud to be Canadian Project petitions,0.25,
3909925,funding for National Action Committee on Status of Women,0.0,
3909951,parliamentary responsibility for national unity,0.25,
3909968,referendum legislation and constitutional reform,0.25,
3909988,Reform Party separatism,0.75,
3909998,referendum legislation on the Constitution,0.25,
3910003,Security Intelligence Review Committee mandate and oversight,0.0,
3910025,petition on aboriginal hunting rights,0.5,
3910064,referendum legislation and constitutional change,0.25,
3910084,ratification of the Law of the Sea Convention,0.0,
3910162,US duties on Canadian hogs,0.0,
3910196,plebiscite enabling legislation,0.25,
3910208,amendments to the Elections Act,0.25,
3910217,time allocation and question period,0.75,
3910250,second reading stage of bill,0.75,
3910285,adjournment debate,0.75,
3910287,emergency financial assistance for families,0.25,
3910289,Standing Orders debate procedure,0.75,
3910298,beef import labelling and consumer information,0.1,
3910301,"Canada's opposition to US ""Star Wars"" missile defence",0.25,
3910302,Canada's position on ballistic missile defence,0.0,
3910335,International Heart Health Conference,0.0,
3910350,federal R&D contracts and Quebec,0.0,
3910364,Devco report and Westray mine safety,0.25,
3910379,ministerial accountability on small business and tourism,0.25,
3910383,provincial jurisdiction over labour and mines,0.25,
3910398,cigarette exports and smuggling,0.0,
3910408,Pearson International Airport expansion,0.0,
3910471,unclear,1.0,
3910536,Saguenay marine park and national parks,0.25,
3910537,Ha'ida land claim and park agreement,0.25,
3910558,election prospects and government inaction,0.75,
3910564,unclear,1.0,
3910595,National Parks in Quebec,0.5,
3910601,respect for parliamentary institutions,0.75,
3910612,unanimous consent and consultation,0.75,
3910645,withdrawal of remarks,0.75,
3910676,support for Bill C-59,0.25,
3910747,Ellesmere Island National Park Reserve establishment,0.0,
3910847,Conservative government's relationship with Hamilton,0.5,
3910872,access to job training programs,0.25,
3910891,Canada's objectives for Rio conference,0.0,
3910895,fisheries resources and international action,0.25,
3910913,Curragh coal mine compliance,0.25,
3910934,Hibernia development project and regional economic development,0.0,
3910960,report of CSCE group meeting,0.75,
3910979,prosperity initiative expenditures and staffing,0.0,
3910992,order for return unanimous consent,0.75,
3911065,debate on a motion,0.75,
3911067,Standing Order 53 explanation,0.75,
3911143,interpretation of referendum results,0.5,
3911151,referendum funding for under-represented groups,0.25,
3911153,referendum bill amendments and constitutional impasse,0.5,
3911157,referendum vs plebiscite procedural difficulties,0.5,
3911174,referendum legislation bindingness,0.25,
3911183,NDP member's press conference,0.5,
3911189,point of order on relevance,0.75,
3911200,omnibus bill on referenda,0.75,
3911238,constitutional referendums and government spending,0.25,
3911272,drunk driving awareness and prevention,0.0,
3911274,youth violence and riots in Toronto,0.0,
3911282,Billy Bishop and Canadian air aces,0.0,
3911312,Westray mine environmental assessment,0.25,
3911330,steel industry and interest rates,0.0,
3911376,energy efficiency technology in Quebec,0.0,
3911382,clarification of procedural ruling,1.0,
3911388,unanimous consent for motions,0.75,
3911434,referendum rules and financing,0.5,
3911445,motion to extend sitting hours,0.75,
3911468,Experimental Lakes area research funding,0.0,
3911500,abolition of the Senate,0.5,
3911502,sanctuary for Nigerian refugee claimant,0.0,
3911567,student loans program negotiations,0.25,
3911589,airline industry losses and government support,0.25,
3911668,order of business,0.75,
3911712,Bloc Quebecois representation in committees,0.75,
3911722,unparliamentary language,0.75,
3911753,referendum committee expenses and registration,0.25,
3911755,referendum expenses and government spending,0.5,
3911764,historical Conservative party actions,0.75,
3911790,referendum legislation and party principles,0.5,
3911984,referendum writ and enumerator appointment,0.0,
3912123,division on motion no. 6,1.0,
3912125,vote on grouped motions,0.75,
3912161,division on motion,1.0,
3912169,division on motion no. 52,1.0,
3912192,division on motion No. 64,1.0,
3912259,referendum campaign financing and consultation,0.25,
3912267,referendum on constitutional reform,0.25,
3912283,referendum vs constituent assembly,0.25,
3912299,referendum legislation and constitutional matters,0.25,
3912303,constitutional process and referendum,0.25,
3912315,referendum legislation and constitutional proposals,0.25,
3912324,national referendum on constitutional change,0.25,
3912325,referendum bluff perception,0.5,
3912365,CANMET report on Westray mine proposal,0.0,
3912366,Westray mine safety reports,0.0,
3912370,Curragh mine inspections and safety,0.25,
3912381,Canadian steelworkers and Quebec industry,0.25,
3912419,credit crunch on small business,0.25,
3912437,partisan attack on electoral commitments,0.75,
3912444,revising the voting system in the House,0.5,
3912469,question of privilege,0.75,
3912471,adjournment of debate,0.75,
3912508,referendum bill on Canadian constitution,0.25,
3912595,economic stimulus for metropolitan Toronto,0.25,
3912610,federal government immigration settlement responsibility,0.25,
3912621,Canada- Buy Into It program,0.0,
3912634,cancellation of summer job for constituent,0.25,
3912648,celebration of Canada Day by school children,0.0,
3912652,child exploitation and legal reform,0.0,
3912660,women's employment and economic fundamentals,0.25,
3912669,municipal infrastructure job creation program,0.25,
3912679,unemployment and job creation,0.25,
3912680,job training spending,0.25,
3912687,capital gains exemption and tax regime,0.25,
3912761,taxation of printed word,0.25,
3912805,unemployment insurance and welfare funding,0.25,
3912822,Ontario economic crisis and competitiveness,0.25,
3912856,Canadian economic restructuring and job creation,0.1,
3912872,unemployment,0.5,
3912876,Ontario labour legislation and business investment,0.25,
3912882,Ontario government spending and economic planning,0.25,
3912897,North American free trade agreement renegotiation,0.25,
3912923,removing GST on books,0.1,
3913072,national child care program,0.25,
3913084,drug safety and prescription bureau,0.0,
3913087,employment equity in the Public Service,0.0,
3913121,Devco subsidies and loan guarantees,0.25,
3913124,breast cancer research funding,0.0,
3913134,mining interests in the Yukon,0.25,
3913163,criminal justice system reform for vulnerable persons,0.0,
3913181,proactive government action on social issues,0.25,
3913217,Canada Elections Act definition,0.0,
3913237,amendments to bill on disabled electors,0.0,
3913257,amendments to the Bankruptcy Act,0.25,
3913285,amendments to bill section 50.4,0.5,
3913304,wage protection in bankruptcy,0.25,
3913307,deferred votes and consideration of motions,1.0,
3913338,deferred division on Bill C-22,0.75,
3913347,report of legislative committee on pensions bill,0.25,
3913367,referendum on constitutional amendments,0.25,
3913375,petition against goods and services tax,0.25,
3913417,child benefit and social assistance reform,0.1,
3913418,incentives for single parents to leave welfare,0.25,
3913422,school lunch programs and child care needs,0.25,
3913425,child tax benefit and national day care,0.25,
3913434,child tax benefit for single parents,0.0,
3913451,aboriginal housing shortfall,0.0,
3913470,provincial child care funding and federal policy,0.25,
3913481,defence spending vs societal needs,0.25,
3913507,reducing carbon dioxide emissions,0.0,
3913513,Canada's steel industry and free trade,0.25,
3913515,CAMI mortgage interest binational panel decision,0.25,
3913522,search and rescue helicopter acquisition,0.25,
3913528,steel industry dispute settlement,0.25,
3913536,government advertising spending,0.25,
3913548,termination of universal family allowance program,0.0,
3913560,income support program for the poor,0.25,
3913675,military helicopter procurement,0.25,
3913687,defence spending vs social programs,0.25,
3913717,Columbia River Treaty water exports impact assessment,0.0,
3913726,jobs in southern Ontario,0.25,
3913731,Canada-US steel trade under FTA,0.25,
3913734,Canada's trade position and Uruguay round,0.0,
3913762,tabling of conflict of interest report,0.5,
3913767,amend Criminal Code hate literature,0.0,
3913810,expulsion of Canadians from Brazil,0.0,
3913848,unanimous consent for bill stages,1.0,
3913861,merchant mariners veterans benefits recognition,0.25,
3913895,fairness for Greek resistance fighters' benefits,0.25,
3913994,amendments to the Bankruptcy Act,0.0,
3914061,completion of Bill C-70,0.5,
3914086,report stage of Bill C-74,0.75,
3914118,cross-border shopping and taxation policy,0.25,
3914130,transportation sector tax relief,0.1,
3914173,Canada-Italian Pension Protocol legality,0.25,
3914207,national unity,0.25,
3914227,flawed trial and minister's action,0.25,
3914241,French fishing rights in Canadian waters,0.0,
3914246,Lubicon land claim and international reputation,0.25,
3914247,Lubicon Lake Indian Nation land claim negotiations,0.25,
3914267,federal employment programs for visible minorities,0.25,
3914270,environmental assessment and review process,0.25,
3914271,IMAX theatre lease at old port of Quebec,0.25,
3914288,gun control and smuggling,0.25,
3914293,correction to Hansard,0.75,
3914364,"amendment to copyright act, renumbering",0.0,
3914412,offshore platform worker safety and evacuation,0.25,
3914418,helicopter procurement and spending,0.25,
3914520,Cyprus settlement and UN resolution 750,0.0,
3914542,Inuit participation in Great Whale hydro project review,0.0,
3914578,Federal Business Development Bank and chartered bank lending,0.1,
3914590,Canadian economic performance and job creation,0.25,
3914592,Canada Post clothing purchases from US,0.25,
3914594,Crown corporation purchasing directives,0.25,
3914601,Canada Post operations,0.25,
3914613,information release on war crimes investigations,0.25,
3914616,Hibernia oil project investors,0.25,
3914623,meeting on social disintegration,0.25,
3914664,reinstatement of Court Challenges Program,0.0,
3914669,amendments to criminal code and parole act,0.25,
3914673,CRTC long distance communication rate restructuring,0.0,
3914831,pension benefits accrual,0.0,
3914834,amendments to Bill C-55,0.25,
3914883,RCMP pension advisory committee regulations,0.25,
3914885,advisory board representation on pension plan,0.25,
3914944,protection of national flags,0.25,
3914956,members of Parliament pension plan review,0.25,
3914961,MPs' benefits and pensions,0.25,
3914966,Members of Parliament Retiring Allowances Act,0.1,
3915029,pension division in court orders,0.0,
3915157,MMT gasoline additive and automotive pollution,0.0,
3915173,paramountcy of land claim agreements,0.25,
3915295,invitation to visit Prince Edward Island,0.25,
3915337,affordable phone rates and service,0.0,
3915339,impact of free trade on manufacturing investment,0.0,
3915356,Canada's leadership at Rio environmental summit,0.0,
3915366,farmers preparing for future competition,0.0,
3915376,international fishery conservation and sustainable development,0.0,
3915396,referendum on constitutional amendments,0.0,
3915411,Canadian aid to Rwanda,0.25,
3915429,amendments to criminal code sexual assault,0.0,
3915435,admissibility of sexual conduct evidence in sexual assault cases,0.0,
3915437,sexual assault law reform,0.0,
3915541,sexual assault law reform and victim support,0.25,
3915563,social housing policy and financing,0.25,
3915578,Canada Mortgage and Housing by-laws,0.0,
3915579,indexed link mortgage for co-operatives,0.0,
3915582,criteria for designated lenders,0.25,
3915594,provincial housing powers,0.25,
3915632,French college in northern Ontario,0.0,
3915654,leave to adopt motion for private bill filing,0.75,
3915678,Canada-US relations on biodiversity agreement,0.25,
3915680,southwest Newfoundland winter fishery crisis,0.1,
3915681,restoring business and consumer confidence,0.25,
3915693,tax deductions for business entertainment expenses,0.25,
3915699,nuclear energy policy and radioactive waste,0.1,
3915704,tax loopholes,0.25,
3915731,budget reductions and ministerial office costs,0.25,
3915736,parliamentary decorum,0.75,
3915781,NAFTA negotiations and dispute settlement,0.0,
3915782,Canada-U.S. trade deal job losses,0.25,
3915791,softwood lumber and free trade agreement,0.25,
3915792,chapter 19 application hearing,0.25,
3915794,reinstatement of Court Challenges Program,0.0,
3915800,extradition treaty with the U.S,0.0,
3915804,US judicial decision on Canadian case,0.25,
3915805,Canadian sovereignty and citizen safety,0.25,
3915814,women's health issues and research funding,0.1,
3915849,constitutional discussions and Quebec referendum,0.25,
3915867,Court Challenges Program and Law Reform Commission,0.25,
3915869,ACOA funding and political patronage,0.25,
3915874,national debt and job training,0.0,
3915886,national debt and wealth creation,0.25,
3915925,arts and culture funding cuts,0.25,
3915979,government spending and economic policy,0.25,
3916097,health care system management and financing,0.25,
3916099,Canada Health Act and provincial user fees,0.0,
3916114,appeals process for applicants,0.25,
3916124,federal inquiry into government actions,0.25,
3916127,fishery crisis and assistance for Newfoundland,0.0,
3916129,interim assistance for Atlantic fishing families,0.0,
3916130,short-term aid for Newfoundland fishermen,0.0,
3916150,Canada Post job losses,0.25,
3916202,human rights act amendment for sexual orientation,0.0,
3916206,housing as federal-provincial responsibility,0.25,
3916211,expulsion of Canadians from Brazil,0.0,
3916272,drafting of legislation and public consultation,0.25,
3916299,NDP double-dipping and parliamentary tactics,0.75,
3916305,division of pensions in divorce settlements,0.0,
3916309,Public Service superannuation plan fairness,0.25,
3916319,MPs' pension plans,0.75,
3916380,Copyright Act amendment for musical works,0.0,
3916417,merger of research councils,0.0,
3916493,post office closures in rural Canada,0.1,
3916531,support for police officers,0.25,
3916533,municipal resolution on national unity,0.0,
3916563,tribute to member for Windsor West,0.75,
3916565,recognition of long-serving member of Parliament,0.75,
3916575,appreciation for community support,0.75,
3916581,reflections on public service and Canadian identity,0.25,
3916597,Canadian representation on Russian troop withdrawal,0.0,
3916600,Meme implant safety review,0.0,
3916601,Meme implant controversy and women's health,0.25,
3916607,departmental information withholding,0.25,
3916612,shipping industry and grain transport,0.25,
3916636,firearms legislation and committee report,0.25,
3916651,order of business and government bills,0.75,
3916699,parliamentary procedure on questions during speeches,0.75,
3916709,privatization of Canada Post,0.25,
3916735,GST on corporate transfers,0.0,
3916772,unanimous consent for bill consideration,0.75,
3916802,Canada Post profit sharing bill,0.25,
3916819,privatization of Canada Post and public services,0.25,
3916843,Canada Post share offering,0.25,
3916860,ruling on Bill C-46 contraventions,0.75,
3916878,ticketing scheme for minor federal offences,0.1,
3916889,Official Languages Act application to divestiture bill,0.5,
3916917,petrochemical companies environmental initiatives,0.0,
3916970,government action on women's health,0.0,
3916972,breast implant safety measures,0.25,
3916985,Canadian wheat sales to Russia,0.0,
3916996,navigational aids maintenance contracts,0.0,
3917030,apology for procedural error,0.75,
3917107,time allocation for bill examination,0.75,
3917123,consultation on time allocation,0.75,
3917131,time allocation for public service act amendments,0.75,
3917206,Canada-Russia relations and assistance,0.0,
3917245,amalgamation of Montreal business associations,0.1,
3917256,Montreal 350th anniversary and Canada 125th anniversary,0.0,
3917265,adherence to House order on printing of presidential address,0.75,
3917268,inclusion of Yeltsin's address in Debates,0.25,
3917342,economic recovery and trade agreement,0.0,
3917353,GDP growth and world competitiveness report,0.0,
3917374,cod stock decline and fisherman assistance,0.0,
3917389,sexual harassment at military base,0.0,
3917391,harassment-free workplaces in National Defence,0.0,
3917394,constitutional negotiations and federal-provincial relations,0.0,
3917414,student loan recovery,0.0,
3917425,parliamentary conduct,0.75,
3917474,child care tax credits,0.0,
3917487,emergency action for Atlantic cod fishery collapse,0.0,
3917500,refugee claims and humanitarian intervention,0.25,
3917507,immigrant documentation and detention,0.25,
3917512,immigrant screening and federal court review,0.0,
3917516,entrepreneurial immigration and job creation,0.25,
3917521,distinction between immigrants and refugees,0.25,
3917554,CSIS designation of subversive organizations,0.25,
3917583,immigration policy and legislative process,0.5,
3917597,unanimous consent to apply vote results,1.0,
3917629,unemployment in Newfoundland fishery plants,0.25,
3917636,task force advice on Newfoundland and Labrador,0.25,
3917685,credit card market competition and disclosure,0.25,
3917818,point of order regarding comments,0.75,
3917825,Public Service appointments and equity programs,0.25,
3917829,employment equity in the Public Service,0.0,
3917845,amendments to Public Service Commission bill,0.25,
3917850,Public Service employer-employee relations,0.1,
3917926,compulsory drug licences and provincial health costs,0.25,
3917937,Canada-U.S. free trade agreement clothing exports,0.25,
3917944,redemption of Olympic coins,0.0,
3917955,housing affordability and first-time buyer programs,0.1,
3917956,wharf repair and dredging in Egmont,0.0,
3918002,committee travel for fisheries program evaluation,0.0,
3918027,employment equity and sexual harassment in public service,0.25,
3918122,Toronto Pearson airport Terminals 1 and 2 development,0.0,
3918145,Canada-Quebec Subsidiary Agreement on Mineral Development,0.0,
3918150,drug trafficking and prostitution crisis,0.1,
3918181,interprovincial free trade principles,0.0,
3918191,unemployment and government inaction,0.25,
3918195,manufacturing job losses,0.25,
3918224,support for producers and agricultural safety nets,0.25,
3918241,Consensus Report on the Constitution,0.25,
3918253,Canadian identity and future prosperity,0.0,
3918262,constitutional accord and national unity,0.0,
3918274,Canada Elections Act inmate voting rights,0.25,
3918311,Canadian Armed Forces international roles,0.0,
3918312,Cyprus settlement and UN resolutions,0.0,
3918326,HMCS Protecteur refit on west coast,0.25,
3918368,Unemployment Insurance Program training funds,0.0,
3918409,export enhancement program and NAFTA,0.25,
3918417,democratic debate,0.5,
3918426,tribute to former member George Mcllraith,0.0,
3918459,water diversion legislation,0.0,
3918518,Canadian Forces 414 Squadron relocation costs,0.0,
3918522,printing costs for Russian President's visit,0.0,
3918613,constitutional reform and public participation,0.25,
3918646,Canada's national unity and constitutional referendum,0.0,
3918650,Canadian Constitution and national unity debate,0.25,
3918731,crop insurance and cash advances for farmers,0.0,
3918749,veterans' VIP services payment change,0.25,
3918752,national youth policy and unemployment,0.0,
3918774,airline industry merger and employment,0.25,
3918775,Air Canada maintenance base in Winnipeg,0.0,
3918776,airline employment and legislation,0.0,
3918777,Air Canada takeover and job losses,0.25,
3918789,telecom industry jobs and sales to Mexico,0.25,
3918802,aboriginal self-government units and law status,0.25,
3918810,crop damage assessment and insurance programs,0.25,
3918827,privatization of airport terminals and job creation,0.25,
3918832,helicopter fit on frigates and destroyers,0.0,
3918840,government business and economic measures,0.25,
3918850,tribute to Pauline Jewett,0.0,
3918897,Charlottetown accord and constitutional reform,0.1,
3918957,condolences for murdered professors,0.0,
3918971,veterans' patriotic message on Canada's birthday,0.0,
3918981,NAFTA smear campaign allegations,0.75,
3918986,use of taxpayer funds for partisan purposes,0.75,
3919018,business community response to agreement,0.25,
3919027,StatsCan information and propaganda campaign,0.25,
3919028,StatsCanada information release,0.25,
3919036,airline merger negotiations,0.0,
3919042,manufacturing employment statistics,0.25,
3919044,manipulation of Statistics Canada data,0.25,
3919069,tribute to the Honourable Paul Martin,0.0,
3919091,financial support for drug rehabilitation project,0.0,
3919092,referendum on constitutional amendments,0.25,
3919111,Canada 125 compact disc costs and distribution,0.0,
3919157,child tax benefit and welfare clawbacks,0.25,
3919162,child benefit and welfare reform,0.25,
3919196,minority language education rights,0.25,
3919203,child poverty and government action,0.25,
3919219,decade of the brain initiative,0.0,
3919237,refugee processing backlog and family reunification,0.25,
3919247,public servants' petition on government law,0.25,
3919275,child benefit program legislation process,0.5,
3919279,erosion of social safety net programs,0.25,
3919282,child benefit bill procedure,0.5,
3919322,Charlottetown accord constitutional problems,0.25,
3919338,NAFTA spending and parliamentary debate,0.25,
3919344,NAFTA propaganda,0.5,
3919357,Canadian trade successes with the US,0.25,
3919364,northern cod moratorium cost,0.0,
3919371,immigration department officials,0.25,
3919374,transportation industry deregulation,0.25,
3919378,job training program UI benefits,0.25,
3919379,federal government role in job training,0.0,
3919393,Referendum Act and Charter of Rights,0.25,
3919394,Quebec court decision on Charter of Rights,0.25,
3919405,Canadian aid to the Bahamas,0.0,
3919407,North American Free Trade Agreement impact studies,0.5,
3919416,repeal of family allowances act,0.25,
3919517,Court Challenges Program funding,0.25,
3919528,Women's History Month and referendum,0.0,
3919530,International Hockey Hall of Fame sanction,0.0,
3919532,national referendum media coverage,0.5,
3919548,Holocaust denial and hate speech legislation,0.1,
3919571,NAFTA advertising campaign during referendum,0.25,
3919589,NAFTA and the Canadian steel industry,0.25,
3919598,child benefit package,0.0,
3919610,provincial responsibility for fish processing plants,0.25,
3919612,credit card interest rates and consumer spending,0.25,
3919626,government spending on student employment,0.0,
3919704,petition on human rights in Vietnam,0.25,
3919711,goods and services tax on books,0.25,
3919762,child benefit legislation and social program cutbacks,0.25,
3919768,third reading of bill,1.0,
3919789,support for bill passage,0.25,
3919824,stiffening penalties for violent crimes,0.0,
3919860,drug industry job losses and Liberal duplicity,0.25,
3919867,Liberal Party candidate selection in Surrey North,0.75,
3919908,CBC and NFB distribution of The Valour and the Horror,0.25,
3919912,first-time home buyer down payment program,0.0,
3919920,Co-operative Education Program funding,0.0,
3919927,reregulation of Canada's airline industry,0.25,
3919935,bank rates and interest rate increases,0.25,
3919940,manufacturing shipments and trade deficit,0.0,
3919968,labour dispute resolution,0.25,
3919983,cosmetic ingredient labelling regulation,0.25,
3919993,airline merger competition review,0.0,
3920000,intimidation of women's organization,0.25,
3920038,referendum campaign and grant payments,0.25,
3920051,referendum on constitutional accord,0.25,
3920121,legislative amendments in committee,0.25,
3920145,second language instruction in schools,0.25,
3920161,unemployment and national accord,0.25,
3920190,royal assent to bills,0.75,
3920215,Prime Minister's teachers' awards and SSHRC funding,0.25,
3920221,government agency amalgamation consultation,0.25,
3920228,efficiency of government service delivery,0.25,
3920255,government spending and savings,0.25,
3920275,Canada's commitment to Third World development,0.0,
3920326,small business and job creation initiatives,0.0,
3920338,farm crisis in Saskatchewan,0.25,
3920344,Canadian Armed Forces helicopter contract,0.25,
3920361,changes to the Young Offenders Act,0.0,
3920364,Young Offenders Act amendments,0.25,
3920375,tribute to Jeanne Sauve,0.0,
3920381,tribute to former member Charlie Turner,0.0,
3920437,Air Canada PWA merger proposal,0.0,
3920438,Auditor General's concerns on icebreaking program,0.0,
3920475,merger of SSHRC and Canada Council,0.25,
3920476,reorganization of social sciences and humanities research council,0.25,
3920525,municipal water metering and infrastructure,0.0,
3920528,railway crossing safety improvements,0.0,
3920531,public infrastructure spending benefits,0.0,
3920601,20th anniversary of the Class of 72,0.5,
3920626,unemployment and government inaction,0.25,
3920627,economic growth and unemployment,0.0,
3920631,economic recession and downturn,0.25,
3920639,unemployment and economic fundamentals,0.25,
3920655,Canadian airline reservation system,0.25,
3920721,Young Offenders Act amendments,0.0,
3920726,petition for constituent employment assistance,0.25,
3920772,compulsory licensing and pharmaceutical investment,0.0,
3920781,criticism of government health plan and job creation promises,0.25,
3920784,compulsory licensing of drugs,0.25,
3920787,amendments to the Patent Act,0.25,
3920836,government action on water quality and toxic waste,0.1,
3920898,North American trade agreement drug sales,0.25,
3920901,North American trade agreement,0.5,
3920921,Ontario medical services delisting,0.5,
3920925,taxpayer funding for drug company research,0.25,
3920939,science and technology policy,0.25,
3920947,patent drug price controls,0.25,
3920979,GRIP payments for farmers,0.0,
3921013,government economic policies and poverty,0.25,
3921015,unemployment and government economic policy,0.25,
3921030,compulsory licensing costs,0.25,
3921064,fisheries jurisdiction and interprovincial movement,0.0,
3921079,Paul McRae's parliamentary work,0.25,
3921085,pharmaceutical patent protection and drug costs,0.1,
3921087,adjournment proceedings,1.0,
3921091,prescription drug prices and patent protection,0.0,
3921133,federal contracts for small businesses,0.25,
3921134,support for small business and Buy Canadian program,0.1,
3921152,inquiry into Westray mine disaster,0.25,
3921172,free trade agreement and hog farmers,0.0,
3921192,NAFTA ratification and Clinton administration,0.25,
3921193,Canada-US free trade agreement,0.25,
3921197,NAFTA renegotiation,0.25,
3921198,NAFTA impact studies and adjustment assistance,0.25,
3921230,child poverty and food bank usage,0.0,
3921278,recognition of former colleague,0.75,
3921358,petition against media violence and violent toys,0.25,
3921363,immigration bill C-86 amendments,0.25,
3921370,generic drug industry and Bill C-91,0.25,
3921384,water exclusion from NAFTA,0.25,
3921421,parliamentary reform and debate procedures,0.5,
3921429,ruling on motions,0.75,
3921483,amendments to Bill C-86,0.0,
3921499,immigration and refugee protection system,0.1,
3921589,committee membership agreement process,0.75,
3921594,House management committee report procedures,0.5,
3921610,revocation of public works nuisance regulations,0.5,
3921631,education funding and accessibility,0.0,
3921633,violence against women and children,0.25,
3921665,Public Service reform and government efficiency,0.5,
3921735,Public Service Commission appeal rights,0.25,
3921766,amendments to Bill C-26,0.25,
3921823,Liberal Party nomination process,0.75,
3921835,government deficit and economic growth,0.25,
3921836,Royal Commission on National Passenger Transportation report,0.25,
3921838,national passenger transportation policy,0.25,
3921848,committee travel itinerary,0.5,
3921853,government decision making and future planning,0.25,
3921871,parliamentary process and public input,0.5,
3921879,PWA airline transaction and employee employment,0.0,
3921893,manufacturing sector competitiveness and capacity,0.0,
3922004,travel authorization for subcommittee hearings,0.75,
3922227,individual transferable quotas in Scotia-Fundy,0.0,
3922255,economic and social conditions,0.25,
3922283,election campaign promises and economic performance,0.5,
3922313,UI fund for job training,0.0,
3922370,response to question on former statement,0.5,
3922380,government accountability and budget changes,0.75,
3922403,northern tax allowance errors,0.25,
3922409,response to member's questions,0.75,
3922429,motion of no confidence in government economic management,0.25,
3922437,government debt and economic confidence,0.1,
3922439,government spending and fiscal policy,0.25,
3922538,immigration and refugee determination system,0.25,
3922592,student loans income ceiling review,0.0,
3922595,youth unemployment and government policy,0.25,
3922596,Canadian economic outlook and performance,0.0,
3922601,election timing and government accountability,0.5,
3922662,breast implant safety,0.0,
3922881,amendments to immigration and refugee board legislation,0.25,
3923006,amendments to bill C-86 on transportation company liability,0.25,
3923012,air transport company penalties and removal costs,0.25,
3923285,adjournment,1.0,
3923305,unanimous consent for debate,0.75,
3923362,Senate report on refugee policy,0.25,
3923383,immigration and refugee determination system,0.0,
3923407,Hutterite communities in the prairie provinces,0.0,
3923432,Auditor General's report on GST costs,0.0,
3923456,Department of National Defence spending,0.0,
3923478,redeployment of pregnant women,0.0,
3923501,ministerial permits and MP appeals,0.25,
3923510,immigration and refugee determination system reform,0.0,
3923519,immigration visitor visa application fairness,0.25,
3923527,immigration and refugee determination system,0.25,
3923531,minister's permits and humanitarian appeals,0.25,
3923532,immigration policy and population decline,0.1,
3923557,Victoria Cross precedence and pension,0.1,
3923570,unemployment in Montreal,0.0,
3923587,closing rural post offices,0.0,
3923607,Competition Act amendments for advertised prices,0.0,
3923628,international competitiveness and Canadian tax base,0.0,
3923641,Auditor General's report on tax loopholes and GST costs,0.25,
3923670,dissemination of government reports on diskette,0.0,
3923681,extradition vs expulsion from Brazil,0.0,
3923685,sexual harassment in public service,0.0,
3923699,Canada-Mexico trade relations,0.25,
3923848,elimination of the Economic Council of Canada,0.25,
3923850,Economic Council of Canada funding and validity,0.25,
3923851,order of business,0.75,
3923852,Economic Council of Canada expenditure,0.5,
3923883,winding up International Centre for Ocean Development,0.25,
3923888,Auditor General's report on GST administration,0.25,
3923891,winding up International Centre for Ocean Development,0.0,
3923959,termination of Economic Council of Canada,0.25,
3923966,Law Reform Commission funding,0.25,
3924022,division on motion no. 57,1.0,
3924073,Welland murals art project funding,0.0,
3924085,child poverty elimination,0.0,
3924086,merger of Social Sciences and Humanities Research Council,0.0,
3924137,drug patent bill and medical research funding,0.0,
3924145,National Osteoporosis Awareness Month,0.0,
3924162,government spending and economic growth,0.1,
3924180,tax loopholes for affiliated foreign corporations,0.0,
3924221,manpower training harmonization and co-operation,0.25,
3924225,student financial assistance,0.25,
3924263,Law Reform Commission and sexual harassment,0.25,
3924295,amendment to criminal code on hate propaganda,0.25,
3924317,Westray project health and safety compliance,0.0,
3924331,Parliament's role in policy making,0.25,
3924348,cabinet minister attendance at government bill debate,0.75,
3924408,strengthening competition laws for airlines,0.0,
3924421,end of recession and economic policy,0.25,
3924433,protection of steel industry jobs,0.25,
3924473,fur export regulations and funding,0.0,
3924565,Public Service employment legislation reform,0.1,
3924568,Public Service 2000 bill and civil servant deployment,0.25,
3924570,Public Service reform and merit principle,0.25,
3924575,assault on youth by cutting student grants,0.25,
3924579,clarification of previous remarks,0.75,
3924601,immigration centre in Vegreville,0.25,
3924666,free trade agreement and industrial adjustment,0.25,
3924676,student loans and credit ratings,0.25,
3924681,budget deficit and sales tax reform,0.25,
3924699,lobbyist registration fees and election call,0.5,
3924701,federal role in education standards,0.25,
3924747,child poverty and government investment,0.0,
3924764,transportation industry support,0.0,
3924783,duty-free sales by Mohawks,0.0,
3924791,interest rates and canadian dollar value,0.25,
3924801,Canadian Saltfish Corporation ship lease,0.25,
3924849,elimination of child poverty,0.25,
3924884,student loan interest and repayment,0.25,
3924906,GST replacement funding for programs,0.25,
3924929,lobbyists registration act reform,0.25,
3924976,violence against women,0.0,
3925013,North American free trade agreement and sovereignty,0.25,
3925018,business and environmental concerns,0.25,
3925019,misrepresentation of statements,0.75,
3925043,trade agreements,0.25,
3925053,Conservative Party's historical trade policy,0.25,
3925059,North American free trade agreement parallel accords,0.0,
3925093,replacement of Perley Bridge,0.0,
3925095,Canadian Football League expansion,0.0,
3925107,fighting poverty through job creation,0.25,
3925113,NAFTA and inter-basin water transfers,0.25,
3925131,CN layoffs in Atlantic Canada,0.0,
3925181,ministerial accountability for information release,0.25,
3925209,free trade agreement with the United States,0.25,
3925212,NAFTA and environmental protection,0.25,
3925228,Canada-US auto trade agreement,0.0,
3925235,North American free trade agreement with Mexico,0.25,
3925281,negotiation of speaking order,0.75,
3925363,sexual harassment in armed forces,0.0,
3925365,Lockport bridge and dam repairs,0.0,
3925381,answer on behalf of Solicitor General,0.75,
3925385,conflict of interest guidelines,0.25,
3925395,Fraser River sockeye inquiry report,0.25,
3925401,NAFTA text availability,0.75,
3925414,elimination of child poverty,0.25,
3925418,teacher income tax deductions for professional expenses,0.0,
3925423,immigration act amendments,0.25,
3925476,supplementary borrowing bill and recession response,0.25,
3925485,abuse of unemployment insurance program,0.25,
3925488,unemployment insurance fraud and integrity,0.0,
3925518,unemployment insurance and sexual harassment,0.0,
3925520,unemployment insurance and sexual harassment,0.25,
3925533,reducing government spending and administrative efficiency,0.1,
3925572,third party advertising in elections,0.25,
3925588,GST and its economic impact,0.25,
3925616,national solidarity day for First Nations,0.0,
3925624,Young Offenders Act revisions,0.0,
3925625,national solidarity day for First Nations,0.0,
3925635,unemployment insurance changes,0.25,
3925693,public servants' salaries,0.25,
3925710,economic recovery measures for small business,0.0,
3925715,job creation and municipal funding,0.25,
3925732,unemployment insurance for voluntary quitters,0.0,
3925752,unemployment and economic recession,0.25,
3925761,cuts to development assistance,0.0,
3925766,Income Tax Act amendments for mining sector,0.0,
3925776,tax loopholes and investment rules,0.0,
3925800,Speaker's ruling on debate,1.0,
3925805,apology for not recognizing member,1.0,
3925816,ILO criticism of government employee handling,0.25,
3925849,economic statement and unemployment insurance,0.25,
3925890,unemployment insurance benefit eligibility,0.25,
3925910,budget cuts and deficit spending,0.25,
3925911,Minister of Finance's budget,0.25,
3925924,federal debt and deficit projections,0.25,
3925934,privileges and elections committee referral,0.75,
3925978,youth employment transition program in New Brunswick,0.0,
3925985,violence against women and status of women,0.1,
3926000,unemployment benefits and government inaction,0.25,
3926011,sexual harassment as just cause for quitting,0.0,
3926016,unemployment insurance system abuse,0.25,
3926065,aboriginal housing funding,0.0,
3926088,report introduction rules,0.75,
3926089,tabling of a report,0.75,
3926123,Young Offenders Act amendments,0.25,
3926160,economic renewal in Atlantic Canada,0.25,
3926164,emergency preparedness and tax loopholes,0.25,
3926165,parliamentary review of emergency powers,0.5,
3926190,disclosure of members' parliamentary expenses,0.1,
3926207,aboriginal peoples' rights and recognition,0.25,
3926208,aboriginal self-government and cultural recognition,0.1,
3926224,unemployment rate in Canada,0.25,
3926248,unemployment rate increase and government cuts,0.0,
3926255,provincial government economic policy,0.25,
3926310,youth unemployment and economic statement,0.0,
3926311,youth unemployment and job creation,0.0,
3926328,Canadian investment in research,0.0,
3926331,Bill C-91 patent protection,0.25,
3926341,Manitoba infrastructure and development promises,0.25,
3926354,federal grants in lieu of taxes program,0.25,
3926392,special debate on Somalia intervention,0.5,
3926427,goods and services tax revenue and deficit allocation,0.25,
3926433,economic plan and national debt,0.25,
3926459,taxation of low-income individuals,0.25,
3926469,GST constituents' opinion,0.25,
3926537,bilingual services in parliamentary committees,0.25,
3926632,House business and upcoming debates,0.5,
3926663,Patent Act amendments and retroactivity clause,0.25,
3926694,compulsory licensing and drug patent reform,0.25,
3926718,Pearson airport redevelopment project,0.25,
3926720,air pollution and ozone layer protection,0.0,
3926731,Canada's commitment to peacekeeping,0.0,
3926732,Canada's UN peacekeeping commitment in Cyprus,0.0,
3926736,CBC mini-series ban and freedom of speech,0.1,
3926763,unemployment insurance eligibility,0.25,
3926776,evaluation process for proponents' qualifications,0.25,
3926806,farm income support programs,0.25,
3926819,provincial-federal cooperation on labour dispute,0.25,
3926840,delivery of referendum flyers,0.5,
3926855,deferred division on amendment,0.75,
3926883,Bill C-91 amendments on retroactivity,0.0,
3926910,point of order on Special Economic Measures Act,0.75,
3926914,adjournment proceedings,1.0,
3926963,welfare applications and recession,0.25,
3927010,child poverty and food baskets,0.0,
3927027,closing rural post offices,0.25,
3927034,Pearson airport expansion funding,0.25,
3927035,Paxport proposal selection,0.25,
3927055,Kanesatake policing and community security,0.0,
3927067,report on visit to New Zealand,0.5,
3927068,annual report on the Public Service of Canada,0.25,
3927153,Young Offenders Act reform,0.25,
3927203,time allocation and referendum debate,0.75,
3927247,compulsory licensing and drug patents,0.5,
3927287,patent protection for drug development,0.0,
3927348,order of business,0.75,
3927359,amendments to medicine patent price controls,0.0,
3927494,fair vote procedure,0.75,
3927875,unanimous consent,1.0,
3927920,debate on a bill,0.5,
3927926,ending compulsory drug licensing,0.25,
3927948,debate conduct and co-operation,0.75,
3927951,compulsory licensing of pharmaceuticals,0.25,
3927979,Bill C-22 research and development investment,0.25,
3927996,compulsory licensing of prescription drugs,0.25,
3927997,compulsory licencing of patented medicines,0.25,
3928058,unemployment level predictions,0.25,
3928061,job losses and welfare,0.25,
3928063,taxpayer funded political advertising,0.25,
3928074,economic action plan and job creation,0.25,
3928086,human resources development investment,0.0,
3928093,unemployment benefits for marginalized groups,0.25,
3928110,child pornography legislation,0.0,
3928118,conflict of interest legislation,0.25,
3928136,order of business,0.75,
3928180,Bill C-91 and Conservative tenderness,0.5,
3928184,drug prices and intellectual property rights,0.25,
3928212,thanks for spirited debate,0.75,
3928231,second reading of Bill S-16,0.75,
3928239,United Grain Growers restructuring bill,0.0,
3928248,impact of Bill C-226 on fuel industry,0.0,
3928258,support for the Canadian fur industry,0.1,
3928260,Canadians imprisoned in Brazil,0.0,
3928274,respect for court processes,0.5,
3928345,changes to the Young Offenders Act,0.0,
3928375,unemployment and government policy,0.25,
3928381,homelessness and lack of budget provisions,0.0,
3928389,unemployment and job creation,0.25,
3928416,Canada-US trade negotiations,0.0,
3928424,CBC pension fund surplus,0.0,
3928436,Vimy band relocation costs,0.0,
3928448,parliamentary procedure on debate length,0.75,
3928459,aboriginal housing report,0.25,
3928501,"prohibition of ""Serial Killer"" game",0.0,
3928518,Voyageur 92 program television production,0.0,
3928521,NAFTA public information campaign contracts,0.0,
3928557,Gwich'in land claim and wildlife management,0.1,
3928569,environmental impact review board,0.0,
3928606,Nova Scotia court restructuring legislation,0.25,
3928634,appointment of judges,0.0,
3928650,accountability of judges' expenses,0.5,
3928662,definition of judicial office,0.25,
3928681,amendments to the Federal Court Act,0.25,
3928686,abolition of county courts in Nova Scotia,0.0,
3928755,endangered species protection act,0.0,
3928771,Christmas and New Year greetings,1.0,
3928807,amendments to Canadian Human Rights Act,0.25,
3928808,petition on armenian genocide recognition,0.5,
3928862,Saskatchewan farm crisis and Canadian Wheat Board,0.25,
3928864,order of business,0.75,
3928873,Toronto unemployment and trade balance,0.25,
3928881,economic policy and full employment,0.0,
3928899,Tioxide Canada pollution and job losses,0.25,
3928906,opposition to NAFTA and free trade,0.25,
3928929,infrastructure program job creation,0.25,
3928940,tax loopholes and job creation,0.25,
3928963,Canada-US steel dispute and trade pact,0.25,
3928969,farm income and grain prices,0.0,
3928989,fishermen's groundfish licences,0.25,
3929021,government borrowing authority and spending,0.25,
3929049,national guidelines for indoor air quality,0.0,
3929062,closing rural post offices,0.25,
3929095,unemployment insurance act changes,0.0,
3929150,criticism of New Democrats' statements on Mexico,0.75,
3929165,steel industry trade access,0.25,
3929177,relocation of Davis Inlet community,0.0,
3929180,Ankara subway system rail car construction,0.25,
3929186,railway tax relief and operations,0.25,
3929194,government action on unemployment,0.25,
3929214,tribute to former member Harold Edward Winch,0.75,
3929253,SSHRC merger with Canada Council,0.0,
3929288,unemployment insurance benefit eligibility,0.25,
3929317,unemployment insurance eligibility,0.25,
3929318,unemployment insurance for harassed workers,0.25,
3929356,criticism of government bill on unemployment,0.75,
3929359,unclear,0.75,
3929405,unemployment insurance for job quitters,0.25,
3929446,unemployment insurance benefits,0.25,
3929531,Canadian assistance to Indonesia over East Timor,0.0,
3929534,meningitis test for early diagnosis,0.0,
3929538,availability of test kit for Canadians,0.0,
3929555,borrowing authority bill C-98,0.25,
3929556,reflection on a vote,1.0,
3929583,unclear,1.0,
3929585,order in the house,0.75,
3929679,free trade agreement economic impact,0.0,
3929697,unemployment insurance appeal process,0.25,
3929700,unemployment insurance eligibility,0.25,
3929708,appointments to Toronto board,0.25,
3929711,emergency payout and farm program for western farmers,0.25,
3929717,Young Offenders Act revisions,0.0,
3929721,EH-101 and Paramax lobbying,0.25,
3929723,parliamentary procedure and conduct,0.75,
3929737,Atlantic Canada four-lane highway funding,0.0,
3929740,Paramax helicopter contract cancellation costs,0.25,
3929742,Sea King helicopters procurement,0.25,
3929765,tax act complexity and reform,0.1,
3929773,government officials influencing policy,0.25,
3929777,fisheries licensing policy consultation,0.25,
3929811,rail line abandonment under National Transportation Act,0.25,
3929812,Canadian peacekeeping in Cyprus,0.0,
3929820,Columbia River Treaty and NAFTA water exports,0.1,
3929870,strengthening laws against violence to women,0.0,
3929872,refugee status for women fleeing persecution,0.1,
3929884,unemployment and job creation,0.25,
3929905,Canadian investment and US competition,0.25,
3929913,employment and labour force participation,0.25,
3929922,premier's comments on investment,0.5,
3929930,Tioxide effluent reduction under St. Lawrence action plan,0.0,
3929931,Tioxide pollution and accountability,0.25,
3929932,charges laid and court determination,0.25,
3929949,Canada-US trade dispute settlement,0.25,
3929994,cooperation on government bills,0.5,
3930117,Niagara River toxic waste clean-up,0.0,
3930133,misinformation about Bill C-105,0.25,
3930139,penalties for false employment records,0.25,
3930198,veterans affairs job cuts,0.25,
3930207,UI benefit appeals in Quebec,0.0,
3930218,question of privilege on delayed petition responses,0.75,
3930219,standing orders and petitions,0.5,
3930221,question of privilege,0.75,
3930233,elimination of violence against women and children,0.0,
3930234,petition on threat to medicare funding,0.25,
3930261,Small Businesses Loans Act support and critique,0.25,
3930268,Northumberland Strait fixed link project,0.0,
3930273,fixed link cost and government guarantees,0.25,
3930280,infrastructure investment in Atlantic Canada,0.0,
3930281,Trans-Canada Highway improvements in New Brunswick,0.0,
3930327,changes to postal services in Winnipeg,0.0,
3930341,farm income disaster programs,0.0,
3930346,wheat frost damage and provincial government response,0.0,
3930429,unemployment insurance voluntary quit penalty,0.25,
3930431,punitive employment insurance policies,0.25,
3930458,child abuse prevention programs,0.0,
3930474,economic statement initiatives,0.25,
3930494,conflict of interest rules and government contracts,0.25,
3930498,youth education and prosperous future,0.0,
3930539,farm aid and provincial elections,0.25,
3930545,farm competitiveness and input costs,0.0,
3930657,St. Pierre fishing rights and cod quotas,0.0,
3930665,cost-effectiveness of new helicopters,0.0,
3930744,petition for democratic government in Vietnam,0.25,
3930746,water diversion and NAFTA,0.25,
3930766,point of order,1.0,
3930774,tabling of documents by ministers,0.75,
3930780,farm products marketing agencies act amendments,0.25,
3930798,tribute to retiring member,0.75,
3930833,amendments to Financial Administration Act,0.25,
3930849,ban of violent board game,0.25,
3930857,expulsion of Canadians from Brazil,0.25,
3930896,creative accounting by minister of revenue,0.25,
3930898,ministerial responsibility for GST,0.5,
3930903,Liberal policy on replacing the GST,0.5,
3930919,GST tax increases and economic impact,0.25,
3930956,Canada's drug strategy and education,0.0,
3930964,Canada Post customer service call centre,0.0,
3930993,unemployment insurance act administration,0.25,
3930994,UI cuts vs income tax fraud savings,0.25,
3931024,unemployment benefit reduction,0.25,
3931029,sexual harassment and women's rights,0.0,
3931040,NAFTA adjustment programs for laid-off workers,0.25,
3931056,Charlottetown accord advertising programs,0.25,
3931129,northern cod stocks management and conservation,0.25,
3931130,extension of fishing jurisdiction to Grand Banks,0.25,
3931134,order of precedence,1.0,
3931144,allegations of political influence on immigration board,0.25,
3931190,GATT agriculture negotiations and supply management,0.0,
3931219,sexual harassment and violence against women,0.25,
3931223,sexual harassment in the workplace,0.5,
3931247,unemployment insurance for older workers,0.25,
3931250,unemployment and food bank usage,0.25,
3931263,appointment of female judges,0.0,
3931277,free trade agreement conversions,0.25,
3931279,student loan administration fees,0.0,
3931474,question put on budget implementation bill,0.75,
3931476,merger of procurement review board and trade tribunal,0.0,
3931551,UN peacekeeping troop redeployment,0.0,
3931572,unemployment insurance for job quitters,0.0,
3931582,reducing tobacco use and smuggling,0.0,
3931584,aboriginal fishery strategy in BC,0.0,
3931587,fisheries stakeholder consultations,0.25,
3931609,Enterprise Cape Breton Corporation,0.25,
3931618,Enterprise Cape Breton Corporation and Veterans' Land Act,0.25,
3931628,government ethics and contract awarding,0.25,
3931682,compensation for legal costs in inquest,0.25,
3931686,green plan investments in environment and economy,0.0,
3931692,Japanese recession and business impacts,0.0,
3931706,Toronto economic recession and government inaction,0.25,
3931735,unemployment insurance and deficit control,0.25,
3931759,government deficit reduction,0.0,
3931775,federal transfers to provinces and GST,0.25,
3931777,sale of Pickering airport lands,0.0,
3931817,James Bay II environmental impact study,0.0,
3931819,Criminal Code amendment on board games,0.25,
3931859,Order in Council review process,0.5,
3931876,Auditor General's report on contract procedures,0.25,
3931891,standards of public conduct for politicians,0.25,
3931909,point of order on personal references,0.75,
3931939,conflict of interest legislation delay,0.25,
3931944,conflict of interest and code of conduct legislation,0.25,
3931947,lobbying and ethics in government,0.25,
3931950,ethics in government and public interest,0.1,
3931951,lobbyist legislation and contingency fees,0.25,
3931956,lobbyist influence and political party activities,0.25,
3931977,point of order regarding motion,0.75,
3932019,UI fund and unemployed training funding,0.25,
3932058,MSV Resources acquisition of Westminer mines,0.0,
3932147,export figures and trade surplus,0.0,
3932150,government spending on research and development,0.0,
3932193,improper use of language,0.75,
3932216,adjournment proceedings,1.0,
3932254,UI program training and employment assistance expenditures,0.0,
3932304,NAFTA hearings in Saskatchewan,0.25,
3932340,unemployment insurance system objectives,0.0,
3932365,Indian Affairs economic development program cutbacks,0.0,
3932380,Nationair financial assistance,0.25,
3932406,timely response to written questions,0.75,
3932412,time allocation for Northumberland Strait Crossing bill,0.75,
3932415,Canada Student Loans Program and job creation,0.25,
3932436,education spending and social factors,0.25,
3932439,student loan interest subsidies,0.25,
3932457,GST harmonization with provinces,0.25,
3932465,student loans and business taxation,0.25,
3932518,Northumberland Strait bridge construction,0.0,
3932529,unemployment insurance legislative changes,0.0,
3932543,vehicle safety standards and Canadian content,0.25,
3932565,small business job creation and training,0.25,
3932570,poverty and unemployment in Montreal,0.0,
3932573,cost of unemployment,0.0,
3932575,unemployment and trade policy,0.25,
3932580,economic adjustment and retraining,0.0,
3932605,offshore fishing jurisdiction,0.25,
3932608,softwood lumber dispute with US,0.25,
3932611,Canada Scholarships Program testing,0.0,
3932641,North American free trade agreement implementation,0.0,
3932657,Canada student loans repayment and status,0.0,
3932668,disability benefits overpayment recovery,0.0,
3932677,environmental assessment of a project,0.25,
3932684,recognition of members speaking,0.75,
3932688,fixed link to Prince Edward Island,0.25,
3932694,Lions Gate Bridge maintenance spending,0.25,
3932704,Confederation Bridge funding and politics,0.5,
3932706,spending on social programs vs. offshore corporations,0.25,
3932719,Prince Edward Island land transportation link,0.25,
3932729,fixed link project environmental assessment,0.25,
3932731,economic development spin-offs of infrastructure projects,0.25,
3932745,P.E.I. fixed link project assurances,0.0,
3932801,eliminating child poverty by 2000,0.0,
3932825,tax loophole for wealthiest families,0.25,
3932869,federal grants in lieu of taxes,0.0,
3932871,Pearson Airport environmental review rejection,0.1,
3932875,environmental citizenship messages program,0.0,
3932877,tax loopholes for wealthy families,0.25,
3932884,environmental negotiations and Canadian election,0.25,
3932917,environmental regulation and competitiveness,0.1,
3932923,unemployment insurance act and insurable earnings,0.0,
3932955,Canadian leadership on Armenia crisis,0.0,
3932962,federal-provincial environmental and agriculture agreement,0.0,
3932988,amendments to Canada Labour Code,0.25,
3933006,Canada Labour Code and Public Service Staff Relations Act amendments,0.25,
3933027,consent to proceed with motion,0.75,
3933094,Immigration Canada services,0.25,
3933105,child poverty and government spending,0.25,
3933110,government efforts for unemployment and poor children,0.25,
3933127,British Columbia salmon watershed agreements,0.0,
3933154,environmental assessment panel recommendations,0.25,
3933242,public service wage freeze and unemployment,0.25,
3933252,UI program abuse and funding,0.0,
3933255,unemployment insurance program administration,0.25,
3933268,unemployment insurance eligibility and benefit rates,0.25,
3933271,second reading stage of bill,0.75,
3933419,opposition to Liberal budgets,0.5,
3933433,capital gains tax on trusts,0.25,
3933438,witnesses before finance committee,0.25,
3933441,MacEachen budget 1980 deficit forecasts,0.25,
3933476,small business financing for job creation,0.0,
3933492,assistance for small businesses,0.25,
3933524,harassment and retaliation in the workplace,0.0,
3933553,Income Tax Act information,0.75,
3933608,Canada Labour Code amendments and public service labour relations,0.25,
3933668,non-insured health benefits for Indigenous peoples,0.1,
3933670,Canadian peacekeeping operations and resource strain,0.25,
3933689,unanimous consent for debate adjournment,0.75,
3933710,Small Businesses Loans Act amendments,0.75,
3933739,North American free trade agreement legislation,0.0,
3933746,Pearson Airport runway expansion,0.0,
3933757,helicopter procurement costs,0.0,
3933771,federal-provincial transfer payments,0.0,
3933790,federal government assistance for metro Toronto economy,0.25,
3933796,support for seniors programs,0.25,
3933797,seniors' health funding vs defence spending,0.25,
3933808,helicopter procurement and cost overruns,0.25,
3933813,federal responsibility for official languages in NWT,0.25,
3933870,teacher expense deductions for income tax,0.0,
3933967,Deputy Speaker's party role,0.75,
3933975,Deputy Speaker's partisan activities,0.75,
3933998,Canada Post rural office closings,0.25,
3934003,Canada Post Corporation Act amendments,0.25,
3934004,Canada Post employee share ownership plan,0.25,
3934033,employment equity and pay equity for women,0.1,
3934039,international women's day and rights,0.0,
3934056,aid to Africa and Third World countries,0.25,
3934094,child care spending,0.25,
3934218,cellular phone privacy and police evidence,0.0,
3934318,Canada Post rate regulation and oversight,0.25,
3934320,Canada Post corporate identity and rural post office closures,0.25,
3934340,cuts to Official Development Assistance,0.25,
3934344,aboriginal youth suicide and government programs,0.0,
3934365,national standardized testing in education,0.0,
3934454,municipal grants in lieu of taxes,0.25,
3934464,point of privilege regarding minister's statement,0.75,
3934535,point of order regarding member's statement,0.75,
3934589,minority language education rights,0.0,
3934598,Canada-US trade agreement definitions,0.0,
3934615,refurbishing Labrador helicopters,0.0,
3934660,review of the NT act of 1987,0.0,
3934663,crosswind runway construction,0.25,
3934722,aboriginal youth suicide rates and healing programs,0.25,
3934733,aboriginal suicide rate and government spending,0.25,
3934869,settlement of aboriginal land claims,0.25,
3934930,recognition of national social work week,0.0,
3934932,refugee claims for battered women,0.0,
3934934,child sexual abuse recommendations,0.0,
3934940,cigarette smuggling and excessive tobacco taxation,0.0,
3934959,budget timing and party conventions,0.25,
3934968,budgetary position of the government,0.25,
3934970,unemployment and budget priorities,0.25,
3935006,provincial transfer payments,0.25,
3935009,free trade deal subsidy and anti-dumping rules,0.25,
3935021,Canadian content in government purchases,0.25,
3935030,Giant Yellowknife mine strike,0.0,
3935080,National Round Table on the Environment and the Economy,0.25,
3935082,delay in tabling environmental legislation,0.25,
3935113,federal assistance for Westray mine,0.0,
3935136,unanimous consent for questions,1.0,
3935185,appointment to the Senate,0.25,
3935203,NAFTA environmental and health concerns,0.25,
3935206,NAFTA benefits and examination,0.25,
3935213,manufacturing jobs and unemployment rate,0.0,
3935219,support for single parents,0.0,
3935225,generic drug companies and government legislation,0.25,
3935247,Panarctic's proposed dumping of scrap metal,0.0,
3935257,refugee claimant status review,0.0,
3935318,GST impact on cost of living and education,0.25,
3935321,senior citizens' disposable income and government policy,0.0,
3935322,impact of government policy on seniors,0.25,
3935414,NDP economic policies and free trade,0.25,
3935421,Canada-U.S. Free Trade Agreement and steel industry,0.25,
3935427,criticism of Liberal economic policy,0.5,
3935454,World Consumer Rights Day and consumer movement,0.0,
3935460,delay in proclaiming staff relations act,0.25,
3935462,Young Offenders Act reform,0.0,
3935471,budget cycle and economic needs,0.25,
3935486,Canada-US environmental and labour standards negotiations,0.1,
3935507,Azerbaijan blockade of Armenia,0.0,
3935520,amending the Geneva Convention,0.25,
3935537,credit card disclosure legislation,0.0,
3935567,Canada-U.S. Free Trade Agreement and NAFTA,0.25,
3935573,tax deductibility of corporate hospitality expenses,0.25,
3935575,small business economic development and investment,0.25,
3935590,renegotiating NAFTA subsidies and auto pact,0.25,
3935592,free trade agreement transition period,0.25,
3935738,Farm Credit Corporation board composition,0.25,
3935797,new distribution centre in Quebec City,0.0,
3935804,Canada Council funding for arts and culture,0.25,
3935825,helicopter program vs infrastructure program,0.25,
3935830,cuts to provincial social services,0.25,
3935838,sexual harassment in Canadian Forces,0.0,
3935840,inquiry into sexual harassment in Canadian forces,0.0,
3935950,Canadian and New Zealand government debt and deficits,0.0,
3935985,Conservative Party leadership debate on ideas,0.25,
3935990,generic drug industry and patent law,0.25,
3936001,sympathy for deceased seafarers,0.25,
3936008,NAFTA environmental commission powers,0.25,
3936015,Canada-US-Mexico environmental co-operation,0.1,
3936018,NAFTA side accords and Canadian sovereignty,0.25,
3936022,Canada-US trade negotiations access,0.25,
3936047,crime prevention and poverty,0.25,
3936096,meaningful input into government process,0.5,
3936110,redress for Chinese head tax and exclusion act,0.0,
3936130,petition against North American free trade agreement,0.25,
3936180,debate on Bill C-106,0.75,
3936185,foreign ownership restrictions and capital outflow,0.25,
3936196,definition of infrastructure investment,0.25,
3936207,contrasting views of Canada: public vs private ownership,0.25,
3936267,child poverty and UN Convention on the Rights of the Child,0.0,
3936272,preventing sale of Canadian water,0.0,
3936301,Ontario student funding and program costs,0.25,
3936304,federal government role in deficit reduction,0.5,
3936314,youth programs and the national deficit,0.25,
3936328,Bosnian refugees and Canadian immigration policy,0.1,
3936349,CAW local affiliation with New Democrats,0.25,
3936360,Canadian health system,0.25,
3936376,Canada's labour standards and free trade,0.25,
3936394,federal-provincial fiscal relations and deficit reduction,0.1,
3936433,scheduling of supply days and estimates study,0.5,
3936456,celebration of International Francophonie Day,0.0,
3936473,unemployment insurance and job training programs,0.25,
3936504,youth employment and training programs,0.1,
3936615,zero tolerance for sexual harassment in defence,0.0,
3936622,sexual harassment of public servants,0.25,
3936640,youth unemployment,0.25,
3936646,retraining of social recipients,0.0,
3936718,advertising expenditures by Crown corporations,0.0,
3936786,unemployment insurance just cause for leaving employment,0.25,
3936825,deferral of vote,0.75,
3936856,adjustment programs for displaced workers,0.25,
3936863,Liberal Party economic parameters,0.5,
3936873,government deficit and debt control,0.25,
3936883,GST impact on manufacturing competitiveness,0.0,
3936888,Small Businesses Loans Act communication,0.25,
3936898,free trade agreement and recession,0.25,
3936943,federal financing for Ontario community colleges,0.0,
3936981,Canadian assistance to Russia,0.0,
3936988,sexual harassment in the Public Service,0.0,
3936989,sexual harassment in the Public Service,0.0,
3936995,UI eligibility for parents needing child care,0.0,
3936999,federal municipal infrastructure programs,0.25,
3937001,pharmaceutical legislation and Montreal investment,0.25,
3937007,return of former prime minister,0.75,
3937009,federal government investments and job creation,0.25,
3937019,North American Free Trade Agreement environmental provisions,0.0,
3937024,personal remarks about prime minister,0.75,
3937026,crime prevention recommendations,0.25,
3937035,UI eligibility for fishery workers,0.25,
3937036,unemployment in Atlantic Canada fishing communities,0.0,
3937039,fishermen and plant workers assistance,0.25,
3937054,tabling of Export Development Corporation report,0.75,
3937059,report on meeting of Commonwealth Speakers,0.75,
3937083,Farm Credit Corporation land sales and leases,0.25,
3937114,FEDNOR program in northern Ontario,0.25,
3937120,Small Businesses Loans Act amendments,0.1,
3937122,economic growth and job creation,0.1,
3937134,NAFTA auto parts exports to Mexico,0.25,
3937137,North American trade agreements and social contracts,0.25,
3937212,division vote,1.0,
3937238,supply bill contents,0.5,
3937360,grain sales to Russia,0.0,
3937442,fairness of unemployment insurance appeal boards,0.25,
3937460,unemployment insurance waiting periods and data collection,0.25,
3937461,report stage of the bill,0.75,
3937584,student loans program and employment,0.0,
3937599,farm income and government assistance,0.25,
3937647,job creation in Alberta,0.25,
3937665,Icelandic scallop fishery access,0.0,
3937694,airline industry regulatory framework,0.25,
3937709,student loans program reforms,0.0,
3937753,report on income tax and related acts,0.25,
3937757,closure of Canadian Forces Base No. 5 Supply Depot,0.25,
3937795,unemployment insurance claimant rights and procedures,0.1,
3937817,unemployment insurance and expenditure restraint,0.25,
3937851,Canada Post corporate identity and service standards,0.25,
3937902,banking community response to depositor complaints,0.25,
3937966,point of order regarding speaker's remarks,1.0,
3938008,clarifying a disputed question,0.75,
3938059,Ross Perot and NAFTA concerns,0.25,
3938062,economic policies and new Canadians,0.5,
3938076,socialized medicine costs,0.0,
3938103,NDP affiliation with Canadian Auto Workers,0.25,
3938128,EH-101 helicopter program funding,0.25,
3938132,infrastructure investment and job creation,0.0,
3938162,peacekeepers' mandate in Bosnia,0.25,
3938173,ministerial conflict of interest and alimony payments,0.25,
3938178,appointments to Federal Business Development Bank board,0.25,
3938185,funding for friendship centres,0.25,
3938191,cuts to NWT programs and services,0.0,
3938236,NAFTA debate in Committee of the Whole,0.5,
3938243,amendments to the Export Development Act,0.0,
3938303,firearms registration bill,0.1,
3938324,Saint-Laurent centennial celebrations,0.0,
3938367,Canadian farmers and free trade agreement,0.25,
3938385,water trade and agreement application,0.0,
3938405,student loan collection practices,0.25,
3938456,petition against North American free trade agreement,0.25,
3938473,borrowing authority bill explanation,0.25,
3938477,federal budget and provincial budgets interplay,0.0,
3938483,free trade agreement and unemployment,0.25,
3938494,NAFTA and GST economic policy,0.25,
3938495,trade policy and goods and services tax,0.25,
3938512,housing act administration,0.0,
3938518,Canadian borrowing and credit rating,0.25,
3938529,Canada Post privatization and service costs,0.25,
3938538,goods and services tax inventory rebate deadline,0.0,
3938563,taxation of trusts and capital gains,0.1,
3938567,taxation of trusts and the 21-year rule,0.25,
3938569,extension of 21-year rule for private trusts,0.25,
3938579,small business financing legislation,0.0,
3938597,assault on social programs,0.25,
3938603,UN Declaration on Elimination of Violence Against Women,0.0,
3938621,EH-101 helicopters and defence conversion,0.25,
3938631,child tax benefit and income support,0.0,
3938639,RCMP investigation into deaths,0.25,
3938648,environmental assessment of P.E.I. bridge,0.25,
3938697,immigration services accessibility,0.0,
3938703,Industry Canada program contributions by fiscal year,0.0,
3938767,unemployment insurance and sexual harassment proof,0.25,
3938844,resuming debate on conflict of interests bill,0.5,
3938862,second reading of Bill C-116,0.75,
3938916,farm cash advances,0.25,
3938932,accountability of proposed fisheries board,0.25,
3938941,US acquisitions affecting national security,0.25,
3938954,inquiry into Nish-nawbe-Aski Nation suicides,0.0,
3939041,adjournment proceedings and report stage of bill,0.75,
3939099,defence of dairy production quotas,0.0,
3939106,mining exploration industry economic recovery,0.0,
3939140,inquiry into miner deaths,0.25,
3939144,commission lawyer apology and documents,0.5,
3939161,Westray mine disaster documents,0.25,
3939188,federal information centralization pilot projects,0.0,
3939200,Ford and Chrysler investment in Windsor,0.25,
3939220,tabling of Westray inquiry letter,0.75,
3939232,repeal of patent drug acts,0.25,
3939280,NAFTA debate and constituent opinions,0.25,
3939310,Canada-US trade agreement (FTA/NAFTA),0.25,
3939329,free trade agreement and trade performance,0.25,
3939336,NAFTA legislation debate and closure,0.75,
3939374,personal initiatives in waste reduction,0.0,
3939451,Income Tax Act and 21-year rule,0.1,
3939499,drug prices and veterans affairs,0.25,
3939507,high drug prices in Canada,0.0,
3939558,Defence Industry Productivity Program,0.25,
3939583,House business and budget date,0.5,
3939611,GST cost-benefit analysis,0.1,
3939614,GST and Canadian economic performance,0.25,
3939628,gasoline tax and government debt,0.0,
3939640,government spending and productivity,0.25,
3939643,third reading of bill,0.75,
3939668,federal grants in lieu of taxes to municipalities,0.1,
3939671,immigration department application system failures,0.25,
3939683,government assistance to farmers,0.25,
3939722,NAFTA trade policy and NDP electoral performance,0.75,
3939724,particle board plant odour and health effects,0.0,
3939741,confidential military justice investigations,0.25,
3939748,briefings on peacekeeping operations,0.25,
3939763,airline industry financial crisis,0.0,
3939783,pharmaceutical industry competitiveness and job losses,0.25,
3939793,Westray decision financial documents,0.0,
3939798,funding program for seniors,0.25,
3939800,guarantee of seniors program funding,0.0,
3939830,grandparents' rights to see children,0.25,
3939833,petition against free trade agreement,0.5,
3939855,order of business,0.75,
3939860,amendment to party registration rules,0.25,
3939897,government achievements summary,0.0,
3939964,electoral reform and party financing,0.25,
3939979,amendments to election financing bill,0.25,
3939987,Canada's foreign aid to developing countries,0.25,
3940044,political party financing rules,0.25,
3940051,amendment to smooth functioning of democracy,0.5,
3940079,electoral reform committee attendance,0.5,
3940081,bloc attendance at committee meetings,0.75,
3940090,election advertising expense restrictions,0.25,
3940096,time allocation for Canada Elections Act,0.75,
3940106,time allocation for third reading,0.75,
3940174,review of members of Parliament salaries and pensions,0.25,
3940211,Niagara greenhouse growers directory and buyer's guide,0.0,
3940243,defence spending and helicopter procurement,0.25,
3940244,deficit reduction targets,0.25,
3940252,national debt increase,0.25,
3940255,unemployment and government economic policy,0.0,
3940294,Clayoquot Sound forest preservation,0.25,
3940321,accuracy of information from Prime Minister's office,0.5,
3940498,deferred division and order of business,1.0,
3940502,Social Sciences and Humanities Research Council merger,0.25,
3940542,funding for women's program,0.25,
3940587,military investigation of incident,0.25,
3940598,children's hospital investigation,0.0,
3940672,cigarette taxation and smuggling,0.25,
3940690,federal securities regulator,0.25,
3940710,delay in tabling budget for partisan reasons,0.5,
3940712,budget and country's financial situation,0.25,
3940717,pornography and child pornography legislation,0.0,
3940720,softwood lumber tariff dispute with US,0.0,
3940756,rotation of personnel at IMF,0.25,
3940766,Canadian policy vis-a-vis European Bank,0.25,
3940823,European Bank for Reconstruction and Development administration,0.25,
3940833,government policy on international financial institutions,0.0,
3940853,unanimous consent to correct vote,0.75,
3940886,petition to reject North American free trade agreement,0.25,
3940925,tabling of documents,0.75,
3940926,funding for social sciences and humanities,0.25,
3940982,federal tribunal system,0.25,
3941002,amendment to Bill C-93,0.25,
3941019,SOCAN royalty fee cost recovery,0.25,
3941058,carriage of goods by water legislation,0.0,
3941068,marine insurance act,0.0,
3941151,first reading of a bill,1.0,
3941172,NAFTA water exemption petition,0.0,
3941200,unemployment and economic potential,0.0,
3941249,reclassification of fisheries officers and marine surveyors,0.0,
3941265,Somalia defence department breakdown of discipline,0.25,
3941270,UN peacekeeping forces in conflict zone,0.0,
3941313,Gemini system and de facto control,0.0,
3941319,National Transportation Agency proceedings,0.25,
3941343,business of the house,0.75,
3941351,opposition to government legislation,0.75,
3941374,NAFTA environmental and labour standards,0.1,
3941376,trading rules and standards,0.25,
3941404,deferral of recorded division on Bill C-93,0.75,
3941467,question of privilege,0.75,
3941484,repair of fishing wharfs in Egmont,0.0,
3941498,Ontario public service job cuts,0.25,
3941504,minister of defence duties and investigations,0.25,
3941532,Canadian troops in UN mission,0.25,
3941534,closure of pilot training school in Winnipeg,0.0,
3941539,NAFTA parallel accords and closure,0.5,
3941583,Dunnville Dam and Weir rehabilitation project land claims,0.25,
3941629,Canada Council administrative savings,0.5,
3941640,merger of Canada Council and SSHRC,0.25,
3941654,government spending and opposition voting,0.25,
3941710,performance pay for senior public servants,0.0,
3941724,criminal code penalties for cellular phone interception,0.25,
3941728,criminalizing disclosure of cellular phone conversations,0.25,
3941731,criminal code amendments on intercepting communications,0.25,
3941792,suicide rate among aboriginal youth,0.0,
3941819,Canadian position on air strikes and Srebrenica,0.25,
3941824,communication on military deaths abroad,0.25,
3941827,Somali death and departmental cover-up,0.25,
3941829,Somalia peacekeeping training centre,0.25,
3941837,employment from government contracts,0.0,
3941859,Canada's climate change commitments,0.0,
3941882,generic drug pricing and competition,0.0,
3941885,Immigration Act modification,0.25,
3941930,emergency debate criteria,0.75,
3942002,NAFTA water exclusion petition,0.25,
3942032,use of telephones in the House,0.75,
3942048,mobilizing financial institutions for small business,0.25,
3942081,point of order regarding public accounts figures,0.75,
3942088,unclear,1.0,
3942114,helicopter procurement,0.25,
3942148,defence spending and post-cold war role,0.0,
3942152,Reform Party deficit reduction plan,0.25,
3942162,unemployment and job creation,0.25,
3942164,unemployment and government planning,0.25,
3942165,Prime Minister's foreign initiatives,0.25,
3942181,budget deficit reduction plan,0.0,
3942192,budget deficit projections,0.25,
3942202,budget deficit reduction plan,0.0,
3942244,national manpower policy and government expenditures,0.25,
3942290,national debt and government spending,0.25,
3942361,National Consumer Week awareness,0.0,
3942364,budget deficit and job creation,0.25,
3942390,national financial affairs and deficit reduction,0.0,
3942415,Canadian humanitarian effort in Somalia,0.25,
3942439,youth unemployment and government budget,0.25,
3942532,government spending and taxation record,0.25,
3942549,unanimous consent to extend minister's time,0.75,
3942610,national debt and government fiscal policy,0.25,
3942664,regulation of foul language and violence on radio and television,0.0,
3942684,order for return and printing of questions,0.75,
3942698,ministerial knowledge of investigation,0.25,
3942702,minister of defence performance and policy,0.25,
3942736,ministerial direction and public inquiry,0.25,
3942775,budgetary policies and economic growth,0.25,
3942788,budget market jitters and interest rates,0.25,
3942797,taxation policy and government revenue,0.25,
3942818,tax compliance and audits,0.25,
3942822,ministerial overpayment of $175 million,0.25,
3942849,veterans affairs benefits and programs,0.0,
3942872,electoral reform bill and budget debate,0.5,
3942897,Canadian peacekeeping training and evolving roles,0.1,
3942917,Minister of National Defence accountability for Somalia mission,0.25,
3942927,entrenching the right to property in the constitution,0.0,
3942944,Western Grain Transportation Act and Canadian Wheat Board,0.25,
3943001,Air Canada job losses and future,0.25,
3943003,Canadian Airlines International financial situation,0.25,
3943006,Canadian airline industry support,0.25,
3943064,medicare and provincial government discussions,0.25,
3943066,user fees and health programs,0.25,
3943099,National Capital Commission lease agreements,0.1,
3943131,financing government operations from within Canada,0.0,
3943182,overhauling the Citizenship Act,0.1,
3943200,Export Development Corporation support,0.25,
3943245,support for Bill C-118 and export market revitalization,0.25,
3943271,National Forest Week and government policy,0.25,
3943275,proclamation of labour standards legislation,0.25,
3943287,"criticism of Brian Mulroney and Kim Campbell, praise for Jean Chretien",0.75,
3943313,medicare financing and commitment,0.25,
3943337,student loans accountability and repayment,0.25,
3943342,trade remedy laws and environmental protection,0.25,
3943351,guidelines for refugee protection,0.0,
3943359,Canada's position on Bosnia air strikes,0.0,
3943383,private members' public business,0.5,
3943419,Toronto Maple Leafs victory,0.75,
3943439,criminal code amendments for cellular phone privacy,0.25,
3943462,Montreal infrastructure program and economy,0.0,
3943497,income tax deductions for teachers' professional expenses,0.0,
3943519,budget and unemployment,0.25,
3943521,regional development and economic co-operation,0.1,
3943552,environmental protection and deficit reduction,0.25,
3943554,GST rebates and administration costs,0.0,
3943579,budget and economic hardship for Canadians,0.25,
3943594,General Motors van plant shutdown and alternatives,0.0,
3943596,comprehensive tax reform and government spending,0.25,
3943614,Robert Bourassa's health and Quebec's development,0.0,
3943626,First Nations cultural programs funding,0.0,
3943634,job creation and economic growth,0.0,
3943635,job creation infrastructure funding,0.25,
3943647,Canada's welfare and unemployment insurance spending,0.0,
3943664,user fees and low income families,0.25,
3943691,rural youth unemployment and SEED funding,0.25,
3943723,ministerial attendance,0.75,
3943739,budget cuts and government spending,0.25,
3943748,government expenditure prioritization and deficit reduction,0.1,
3943826,Pearson airport expansion and southern Ontario transportation,0.25,
3943839,high-speed rail and airport transportation links,0.25,
3943853,dumping of American products on Canadian market,0.0,
3943855,recovery of Premier Bourassa,0.0,
3943857,federal minimum wage policy,0.0,
3943911,Canadian troops in Bosnia,0.0,
3943918,unsubstantiated allegations in contract,0.5,
3943926,debate on air strikes in Bosnia,0.25,
3943937,Arctic Co-operatives Limited funding,0.0,
3943940,morale of armed forces in Somalia,0.25,
3943978,reject North American free trade agreement,0.25,
3943987,expulsion of Canadians from Brazil,0.0,
3943990,Criminal Code amendments on violent materials,0.0,
3943999,Polish immigrants emigration to Canada,0.0,
3944031,free trade agreement impact on Canadian jobs,0.25,
3944046,NAFTA and Canadian trade with Chile,0.0,
3944104,pharmaceutical investment and Bill C-22,0.25,
3944122,General Motors Lumina line retooling,0.25,
3944164,North American free trade agreement debate,0.5,
3944176,unclear,1.0,
3944193,Canada-US free trade agreement water protocol,0.25,
3944202,tax exemption for volunteer firefighters,0.25,
3944231,stop north pacific drift-net fishing,0.0,
3944232,Criminal Code amendments on violent materials,0.0,
3944271,income tax on child support payments,0.0,
3944288,peacekeeping troops in former Yugoslavia,0.0,
3944316,parliamentary debate on foreign troop deployment,0.75,
3944322,Canadian troops in Bosnia,0.25,
3944329,Canadian troops in Srebrenica,0.0,
3944344,federal-provincial cooperation on deficit and debt,0.25,
3944346,softwood lumber tariff dispute,0.0,
3944350,Mack truck plant closure and free trade,0.25,
3944362,youth unemployment and budget,0.25,
3944365,student funding and job programs,0.0,
3944405,conflict of interest committee report,0.25,
3944406,conflict of interest legislation committee proposal,0.25,
3944414,Bill C-116 ethics report,0.75,
3944490,aboriginal fishing strategy implementation,0.25,
3944589,Canadian Armed Forces policy on aberrant behaviour,0.0,
3944603,manufacturing sector and economic recovery,0.0,
3944607,free trade agreement and oil patch recovery,0.25,
3944625,allegations of racism in Canadian Armed Forces,0.75,
3944633,reject North American free trade agreement,0.25,
3944676,government response to rising crime rates,0.25,
3944695,extradition and Canadian values,0.25,
3944720,assistance for disabled seniors,0.25,
3944734,GST fairness for co-operatives,0.25,
3944816,abolition of the GST,0.25,
3944826,language rights of minorities in provinces,0.0,
3944838,anti-racism and hate crimes,0.0,
3944877,free trade agreement and Canadian steel industry,0.25,
3944891,job creation and free trade agreement,0.25,
3944895,housing starts and economic policy,0.25,
3944899,ERDA renewal for forestry and mining,0.25,
3944908,miner recovery operation assistance,0.25,
3944927,members of Parliament pension plan,0.0,
3944928,Public Service pension system review,0.0,
3944931,Canada-Russia relations and Vancouver summit,0.25,
3944947,Canadian Armed Forces conduct policy,0.25,
3945033,oil and gas taxation policies,0.25,
3945035,history of federal sales tax reform,0.1,
3945044,GST and manufacturers' sales tax,0.25,
3945077,amendments to Currency Act investment powers,0.0,
3945141,industrial policy and job losses,0.25,
3945150,Free Trade Agreement process,0.25,
3945158,mining exploration investment in Quebec,0.0,
3945180,barley marketing and Canadian Wheat Board,0.0,
3945190,government economic policies,0.0,
3945206,youth unemployment and student assistance,0.25,
3945214,economic benefits of fixed link for Prince Edward Island,0.0,
3945254,CMHC funding cuts consultation,0.25,
3945255,budgetary policy and transfer payments,0.25,
3945286,textile industry tariff reductions and NAFTA,0.25,
3945315,foreign investment review agency and manufacturing,0.25,
3945352,criticism of Conservative economic policies and GST,0.75,
3945367,unemployment insurance appeals delays,0.0,
3945375,health of animals regulations on honey bee importation,0.0,
3945383,Bosnia and Croatia situation,0.25,
3945395,youth unemployment and job creation,0.0,
3945403,white supremacists in Canadian peacekeeping ranks,0.25,
3945423,unemployment rate increase,0.25,
3945432,NAFTA legislation implementation timing,0.25,
3945433,North American free trade agreement negotiations,0.25,
3945464,French language community colleges in Northern Ontario,0.0,
3945506,Young Offenders Act review,0.0,
3945515,Employment and Immigration Canada training programs,0.0,
3945591,environmental reporting and spill fines,0.25,
3945631,fuel economy standards for automobiles,0.25,
3945633,withdrawal of motor vehicle fuel consumption standards bill,0.75,
3945665,ban on violent board games,0.0,
3945678,government information provision,0.25,
3945764,medicare user fees and health care system,0.25,
3945766,universal medicare principles,0.25,
3945770,manufacturing sector productivity and competitiveness,0.0,
3945781,Canadian Armed Forces conduct,0.25,
3945786,due process for armed forces member,0.25,
3945798,Canadair maintenance contract,0.0,
3945812,Yukon land claims and self-government agreements,0.25,
3945838,electoral reform committee expenses,0.5,
3945840,point of order on voting record,0.75,
3945861,federal forestry development agreements,0.25,
3945868,Canada-US water export policy under free trade,0.1,
3945874,free trade water management,0.25,
3945915,criticism of Liberal government record,0.75,
3945961,unemployment and government economic policy,0.25,
3945976,NAFTA productivity and wages in auto industry,0.25,
3945982,unemployment rate in Montreal,0.0,
3945983,business funding and job creation in Montreal,0.0,
3945993,EH-101 helicopter procurement,0.0,
3946004,public service hiring and surplus positions,0.25,
3946012,high interest rates and unemployment,0.25,
3946016,native community funding,0.0,
3946066,referring to voting records,0.75,
3946081,Canada Post real estate asset sales procedure,0.0,
3946107,commercial credit managers making cold calls,0.0,
3946145,Established Programs Financing and Canada Assistance Plan,0.25,
3946157,small business job creation and economic crises,0.1,
3946164,improving the economy of the national capital region,0.25,
3946213,manned weather station at Gore Bay-Manitoulin airport,0.0,
3946232,cabinet decision on river flow,0.5,
3946240,unanimous consent to table amendment,0.75,
3946269,order of business,0.75,
3946278,NAFTA and its impact on Canadian jobs,0.25,
3946339,manufacturing sector growth and free trade,0.0,
3946341,North American Free Trade Agreement,0.0,
3946342,NAFTA trade agreement and job creation,0.25,
3946352,poverty chief's actions with food bank,0.25,
3946362,drug trafficking and NAFTA report,0.0,
3946363,drug seizures and NAFTA,0.0,
3946372,information on Prince Edward Island,0.25,
3946381,fishermen's assistance and cod quota cuts,0.0,
3946483,Canadian Wheat Board Act amendment for barley,0.25,
3946510,report stage debate on free trade bill,0.5,
3946527,NAFTA debate and time allocation,0.5,
3946537,living at world standard,0.0,
3946657,Canada-U.S. Free Trade Agreement,0.25,
3946668,amendments to NAFTA implementing bill C-115,0.25,
3946706,NAFTA and free trade agreement concerns,0.25,
3946714,socialist vs tory policies,0.75,
3946716,criticism of government's free trade deal and economic policies,0.25,
3946815,order of business,0.75,
3946842,North American free trade agreement debate,0.25,
3946848,North American free trade agreement water and sovereignty,0.25,
3946859,Canada-U.S. trade agreement amendments,0.25,
3946891,North American free trade agreement amendments,0.25,
3946895,North American free trade agreement amendments,0.25,
3946920,NAFTA impact on Canadian transportation and telecommunications,0.25,
3946926,NAFTA and FTA debate,0.5,
3946952,NAFTA side agreements and adjustment assistance,0.25,
3946953,NAFTA and Canadian sovereignty,0.25,
3947010,Canada-Mexico trade agreement,0.25,
3947011,NAFTA legislation and hidden agreements,0.25,
3947040,North American free trade agreement debate,0.25,
3947048,Liberal Party position on trade,0.75,
3947053,social housing funding,0.0,
3947065,Nunavut land claims agreement,0.25,
3947112,North American free trade agreement,0.25,
3947116,petition against free trade agreement,0.25,
3947290,amendments to Bill C-115 rental operations,0.0,
3947493,free trade deal impact on Canadian manufacturing,0.1,
3947495,Canada-US free trade agreement safeguards,0.25,
3947530,NAFTA environmental and women's business protections,0.25,
3947538,free trade agreement and branch plant closures,0.25,
3947541,referring to members by name,1.0,
3947569,appointment to Senate of Len Gustafson,0.0,
3947577,commemoration of the Battle of the Atlantic,0.0,
3947587,patronage appointments and past promises,0.5,
3947591,appointments to the Senate,0.75,
3947617,sovereignty through trade and economic strength,0.1,
3947641,CMHC debts of Bank of Canada director,0.0,
3947652,women's employment and training programs,0.25,
3947659,Canada-US trade negotiations,0.25,
3947660,free trade agreement and job losses in Alberta,0.25,
3947682,Canada-US free trade deal flaws,0.25,
3947696,opportunity for increased trade and prosperity,0.25,
3947711,closure motion debate,0.75,
3947715,NAFTA and Canadian ownership of oil and gas,0.25,
3947725,Canada-US relations and NAFTA,0.25,
3947758,amend citizenship oath to Canada,0.0,
3947759,Canadian Citizenship Act and oath of citizenship,0.25,
3947768,seniors strategy and community programs,0.0,
3947817,Canada's Fitweek celebration,0.0,
3947831,airline policy and industry competition,0.25,
3947836,airline industry job losses,0.25,
3947845,Air Canada hypothetical policy,0.5,
3947864,UN human rights observer mission in Guatemala,0.0,
3947865,Canadian NGOs and citizens in Guatemala,0.0,
3947869,appointment to Bank of Canada board,0.5,
3947896,user fees targeting senior citizens,0.25,
3947906,Quebec Minister on health care universality,0.25,
3947907,universality of health care services,0.25,
3947924,allotted day for debate,0.75,
3947928,correction of misinformation,0.75,
3947949,Ukrainian redress and acknowledgement,0.0,
3947960,Criminal Code amendment on violent board games,0.0,
3947980,Columbia River Treaty and environmental concerns,0.25,
3947990,water export and free trade agreements,0.25,
3947995,free trade agreement and water exports,0.25,
3947997,Kemano water diversion controversy,0.25,
3948004,Kemano project and Cheslatta people,0.25,
3948006,point of order on water transfers debate,0.75,
3948046,water exports and free trade agreements,0.25,
3948047,NAFTA agreement and FTA,0.25,
3948072,VIA Rail legislative mandate,0.25,
3948078,deferred division and adjournment,1.0,
3948104,student jobs in Transport Canada,0.25,
3948105,student summer jobs and private sector employment,0.25,
3948112,career counselling for students,0.0,
3948133,refugee determination system review,0.0,
3948137,Canadian Advisory Council on the Status of Women,0.0,
3948141,Canadian Advisory Council on the Status of Women,0.0,
3948189,consultant work for Rio conference follow-up,0.0,
3948215,Canada's UN dues and US contributions,0.0,
3948224,aid for Atlantic fishermen and plant workers,0.0,
3948228,Kemano water diversion project gag order,0.25,
3948290,youth unemployment and national apprenticeship program,0.1,
3948302,unemployment and youth training programs,0.25,
3948343,honourable member's service,0.75,
3948394,amendments to Canada Labour Code and PSSRA,0.0,
3948395,Canada Labour Code amendments on union votes,0.25,
3948441,deferred division,1.0,
3948473,congratulating Cape Breton Oilers,0.0,
3948485,North West River 250th anniversary,0.0,
3948491,Tory patronage and appointments,0.75,
3948498,plight of ethnic Hungarians in Yugoslavia,0.0,
3948506,aircraft use for DND and VIP transport,0.25,
3948526,probity at the Bank of Canada,0.25,
3948556,small business loans and registration,0.0,
3948602,review of government legislation by committee,0.25,
3948637,questions on the adjournment,1.0,
3948685,native housing and infrastructure funding,0.0,
3948717,small business loans act accessibility,0.0,
3948734,government position on environmental and labour negotiations,0.25,
3948736,Canada-US NAFTA environmental and labour conditions,0.25,
3948750,science and technology spending,0.0,
3948759,housing affordability and job creation,0.25,
3948766,Young Offenders Act amendments,0.25,
3948779,Bank of Canada interest rate policy,0.25,
3948846,sovereignty over fresh water,0.0,
3948849,referendum on official languages,0.25,
3948852,petition to reject North American free trade agreement,0.25,
3948858,Ukrainian Canadian community redress settlement,0.25,
3948910,government program spending and deficit reduction,0.1,
3948915,government broken promises and hypocrisy,0.25,
3948923,federal-provincial-municipal debt off-loading,0.25,
3949066,scrutiny of regulations and parliamentary authority,0.25,
3949086,exchange fund investment powers,0.0,
3949223,communications tower on Pender Island,0.25,
3949242,federal role in forest management,0.25,
3949256,parliamentary procedure,0.75,
3949285,social assistance for treaty Indians,0.0,
3949287,Indian housing and economic development funding,0.0,
3949292,peacekeepers' safety and UN Security Council,0.25,
3949301,Kemano water diversion environmental review,0.0,
3949308,minority language rights and francophone communities,0.25,
3949338,prohibiting child pornography,0.0,
3949383,crime reduction and poverty reduction,0.25,
3949418,establishment of Nunavut territory,0.0,
3949436,Young Offenders Act reform,0.25,
3949449,Cash Flow Enhancement Program for farmers,0.0,
3949461,unemployment rate and government economic policies,0.25,
3949478,barley sales to the United States,0.0,
3949490,Churchill port and railway maintenance commitment,0.0,
3949491,Churchill port operations and development,0.0,
3949507,Minister's campaign involvement and contracts,0.5,
3949526,ministerial accountability for campaign financing,0.5,
3949543,parliamentary committee investigation,0.75,
3949545,tabling of a letter,0.75,
3949557,report stage of Canada Shipping Act amendment,0.75,
3949568,prohibiting violent and degrading board games and cards,0.0,
3949574,petition against violent games,0.5,
3949588,tabling of draft Western Grain Transportation Act legislation,0.75,
3949625,Nunavut government cultural stamp,0.25,
3949630,Dene aboriginal and treaty rights,0.25,
3949631,aboriginal land rights and treaty interpretation,0.1,
3949667,public sector labour relations legislation,0.25,
3949669,collective bargaining and labour relations,0.0,
3949685,textile tariff reductions and customs tariff amendments,0.0,
3949734,poverty and food banks,0.5,
3949739,foreign investment in Canadian Airlines,0.0,
3949762,infrastructure spending and fiscal responsibility,0.25,
3949763,infrastructure program funding,0.25,
3949771,loss of full-time manufacturing jobs,0.0,
3949773,unemployment and women's labour force participation,0.25,
3949776,unemployment and job creation,0.25,
3949778,private sector job creation policies,0.0,
3949780,low wage jobs and poverty,0.25,
3949794,Westray mine disaster victim compensation,0.0,
3949795,federal government insurance proceeds,0.0,
3949805,federal government AIDS initiatives funding,0.0,
3949814,forestry jobs transition program,0.0,
3949865,committee collusion on environmental bill,0.75,
3949879,unanimous consent for bill amendment,0.75,
3949891,tanker spill prevention and compensation,0.25,
3949948,foreign investment attraction,0.25,
3949950,Investment Canada Act and free trade agreement,0.25,
3949977,report on eliminating child poverty,0.0,
3949983,full employment act,0.0,
3950012,referendum on official languages,0.25,
3950044,telecommunications bill and Canadian culture,0.5,
3950105,telecommunications legislation debate,0.5,
3950133,honouring Chief Big Bear,0.0,
3950154,Canada's economic growth and investment,0.25,
3950156,Atlantic Canada Opportunities Agency initiatives,0.1,
3950159,government assistance to families and children,0.25,
3950173,child poverty measures,0.25,
3950214,consumer protection proposals,0.25,
3950219,Third World conditions in Atlantic Canada,0.25,
3950323,deregulation and government intervention in communications,0.25,
3950344,adjournment proceedings,1.0,
3950345,amendment to telecommunications bill on unsolicited calls,0.25,
3950504,urban native housing cuts,0.0,
3950525,Canada's economic growth and unemployment,0.0,
3950578,hidden jobs and government appointments,0.25,
3950583,immigrant skills recognition,0.0,
3950694,referendum on official languages,0.25,
3950702,closure of Surrey mail sorting plant,0.25,
3950704,national education standards,0.0,
3950707,return of Lamont and Spencer to Canada,0.25,
3950726,North American free trade agreement drug prices,0.25,
3950732,embassy operational budgets and staffing,0.0,
3950737,Westray Mine documents,0.25,
3950752,telephone deregulation and job losses,0.25,
3950755,use of time allocation and filibusters,0.75,
3950768,support for industry legislation with qualifications,0.25,
3950793,community policing and crime prevention,0.0,
3950796,recognition of police forces' service,0.0,
3950797,role of police in Canadian society,0.0,
3950841,drug prices and generic drug competition,0.0,
3950845,standardized tests for Canadians,0.0,
3950847,Grosse Île Irish memorial national historic park,0.0,
3950937,barley market and Crow rate benefit,0.0,
3950943,abolishing tied foreign aid,0.0,
3950945,credit card costs and consumer advice,0.0,
3950957,NAFTA implementing legislation,0.25,
3950963,Canadian steel industry access to US market,0.0,
3950972,federal funding for health care,0.0,
3950989,monetary policy and capital gains exemption,0.25,
3951058,harassment and stalking legislation,0.1,
3951072,criminal offence of harassment and stalking,0.0,
3951076,royal assent to bills,1.0,
3951077,notice of adjournment proceedings,0.75,
3951123,Canadian petroleum industry foreign investment,0.25,
3951144,firearms control bill C-417,0.25,
3951247,environmental impact of infrastructure project,0.25,
3951254,fixed link assessment in Atlantic Canada,0.25,
3951269,congratulations on prime minister kim campbell,0.25,
3951284,new prime minister and western concerns,0.25,
3951288,condolences for Gerard Cote,0.75,
3951290,Cambodian election results and international intervention,0.1,
3951310,Canada-US steel industry trade,0.25,
3951326,Canada Student Loans Program reforms,0.25,
3951341,US countervail duty on Canadian pork,0.25,
3951362,handling of specific cases,0.0,
3951397,peace trust fund for conscientious objectors,0.0,
3951440,criticism of the Liberal Party,0.75,
3951487,amendments to fixed link bill,0.5,
3951542,community redress for historical grievances,0.25,
3951562,peace trust fund petitions,0.25,
3951567,referendum on official languages,0.25,
3951573,Atlantic Fisheries Adjustment Program funding,0.0,
3951587,Confederation Bridge funding and tolls,0.1,
3951652,election timing and government mandate,0.25,
3951654,election timing,0.75,
3951660,election timing,0.75,
3951668,transportation industry reports,0.0,
3951671,defence policy and UN peacekeeping contributions,0.0,
3951788,order of business for child pornography bill,0.75,
3951793,Senate message on bill S-20,0.75,
3951801,fixed link between Prince Edward Island and New Brunswick,0.0,
3951827,parliamentary camaraderie,0.75,
3951940,retirement of prime minister,0.75,
3951963,racism in the Canadian Armed Forces,0.25,
3951976,unemployment and poverty,0.25,
3951984,inquiry into white supremacists in military,0.25,
3951992,provincial jurisdiction over B.C. logs,0.0,
3951998,Canadian troops in Bosnia mandate,0.0,
3952002,proceeds of crime legislation funding,0.0,
3952007,Christine Lamont and David Spencer passports in Nicaragua,0.0,
3952014,east coast fishermen aid package,0.0,
3952024,tribute to Speaker John Fraser,0.25,
3952026,tribute to John Fraser,0.75,
3952046,tribute to Speaker John Fraser,0.25,
3952050,tribute to the class of 1968,0.0,
3952055,tribute to Les Benjamin and Senator Len Marchand,0.75,
3952106,monuments for immigrants and pioneers,0.0,
3952145,petition against marijuana legalization,0.25,
3952164,tribute to Jim Fulton,0.75,
